Player,Nation,Pos,Squad,90s,Passes Cmp,Passes Att,passes Cmp%,Assists,xAG,xA,KP,Final 3rd,PPA,CrsPA,PrgP
Brenden Aaronson,us USA,MFFW,Leeds United,25.6,575,771,74.6,3,4.2,2.6,46,45,16,4,84
Che Adams,sct SCO,FW,Southampton,22.1,330,498,66.3,3,2.8,2.2,24,21,11,2,34
Tyler Adams,us USA,MF,Leeds United,24.0,1108,1343,82.5,0,1.4,1.0,24,110,13,0,136
Tosin Adarabioyo,eng ENG,DF,Fulham,20.2,903,1112,81.2,0,0.4,0.4,6,77,6,0,83
Nayef Aguerd,ma MAR,DF,West Ham,15.7,504,648,77.8,0,0.4,0.3,5,33,4,0,24
Naouirou Ahamada,fr FRA,MFFW,Crystal Palace,1.0,37,46,80.4,0,0.1,0.0,1,3,0,0,2
Rayan Aït Nouri,dz ALG,DF,Wolves,11.5,446,552,80.8,0,1.0,0.8,7,28,14,5,43
Kristoffer Ajer,no NOR,DF,Brentford,8.5,259,345,75.1,0,0.0,0.1,1,20,3,1,31
Manuel Akanji,ch SUI,DF,Manchester City,23.8,1771,1904,93.0,1,0.4,1.0,7,126,3,1,103
Nathan Aké,nl NED,DF,Manchester City,20.1,1589,1756,90.5,0,0.6,1.3,8,156,9,1,139
Marc Albrighton,eng ENG,FWMF,Leicester City,2.6,89,148,60.1,0,0.9,0.4,6,6,5,2,7
Thiago Alcántara,es ESP,MF,Liverpool,13.9,946,1097,86.2,0,1.1,1.3,17,110,20,1,120
Carlos Alcaraz,ar ARG,MFFW,Southampton,8.9,173,227,76.2,1,0.5,0.5,3,15,5,0,22
Trent Alexander-Arnold,eng ENG,DF,Liverpool,29.5,1972,2620,75.3,8,10.0,8.1,64,211,71,23,213
Alisson,br BRA,GK,Liverpool,35.0,1182,1390,85.0,1,0.3,0.0,1,14,0,0,3
Dele Alli,eng ENG,MF,Everton,0.4,12,15,80.0,0,0.0,0.0,0,2,0,0,1
Miguel Almirón,py PAR,FW,Newcastle Utd,23.9,703,853,82.4,1,1.8,2.3,21,41,26,3,109
Julián Álvarez,ar ARG,FWMF,Manchester City,12.9,311,400,77.8,0,1.5,1.1,14,21,11,2,34
Daniel Amartey,gh GHA,DF,Leicester City,17.9,1015,1114,91.1,0,0.5,0.4,5,58,1,0,66
Joachim Andersen,dk DEN,DF,Crystal Palace,27.9,1333,1702,78.3,0,1.1,0.7,10,117,7,1,86
Elliot Anderson,sct SCO,MFFW,Newcastle Utd,2.5,86,118,72.9,0,0.8,1.0,6,9,3,0,14
Jaidon Anthony,eng ENG,MFFW,Bournemouth,12.7,346,470,73.6,1,1.0,1.1,12,23,18,7,46
Michail Antonio,jm JAM,FW,West Ham,19.6,175,332,52.7,3,1.3,0.8,15,12,8,2,27
Antony,br BRA,FW,Manchester Utd,17.8,568,714,79.6,1,2.2,2.0,24,27,29,2,67
Cameron Archer,eng ENG,FWMF,Aston Villa,0.5,8,12,66.7,0,0.0,0.0,0,2,0,0,0
Alphonse Areola,fr FRA,GK,West Ham,3.4,67,92,72.8,0,0.0,0.0,0,0,0,0,0
Joe Aribo,ng NGA,MFFW,Southampton,12.8,268,369,72.6,0,0.8,0.5,9,20,9,0,39
Adam Armstrong,eng ENG,FWMF,Southampton,14.4,217,296,73.3,1,1.3,0.8,11,12,10,2,16
Stuart Armstrong,sct SCO,MFFW,Southampton,14.3,501,638,78.5,1,2.2,2.8,16,42,31,6,73
Kepa Arrizabalaga,es ESP,GK,Chelsea,25.5,770,930,82.8,0,0.0,0.0,0,6,0,0,0
Pierre-Emerick Aubameyang,ga GAB,FW,Chelsea,6.2,82,111,73.9,0,0.4,0.2,4,2,2,1,3
Ludwig Augustinsson,se SWE,DF,Aston Villa,0.9,26,43,60.5,0,0.0,0.0,0,0,0,0,0
Serge Aurier,ci CIV,DF,Nott'ham Forest,18.6,619,871,71.1,0,1.0,0.8,10,36,12,6,63
Taiwo Awoniyi,ng NGA,FW,Nott'ham Forest,12.9,128,186,68.8,1,1.1,0.3,9,5,2,0,11
Yasin Ayari,se SWE,MF,Brighton,0.2,10,11,90.9,0,0.1,0.3,2,3,1,0,2
André Ayew,gh GHA,FWMF,Nott'ham Forest,3.5,51,71,71.8,0,0.0,0.0,1,3,1,0,11
Jordan Ayew,gh GHA,FWMF,Crystal Palace,27.2,604,792,76.3,2,2.7,2.2,29,32,14,6,57
Luke Ayling,eng ENG,DF,Leeds United,19.8,693,994,69.7,1,2.0,2.2,12,52,16,9,66
César Azpilicueta,es ESP,DF,Chelsea,14.0,730,904,80.8,0,1.0,1.1,10,35,16,4,62
Benoît Badiashile,fr FRA,DF,Chelsea,9.1,679,762,89.1,0,0.5,0.2,3,42,5,0,48
Leon Bailey,jm JAM,FWMF,Aston Villa,19.8,318,510,62.4,3,3.7,4.0,26,18,20,15,26
Stefan Bajcetic,es ESP,MF,Liverpool,5.8,200,258,77.5,0,0.4,0.5,4,17,7,1,24
Patrick Bamford,eng ENG,FW,Leeds United,15.5,213,307,69.4,2,0.9,0.6,11,18,9,0,22
Shandon Baptiste,gd GRN,MF,Brentford,6.4,238,284,83.8,1,1.0,0.5,9,22,8,2,39
Harvey Barnes,eng ENG,FWMF,Leicester City,28.1,507,734,69.1,1,2.9,1.9,17,35,28,4,73
Gavin Bazunu,ie IRL,GK,Southampton,32.0,718,1178,61.0,0,0.1,0.1,1,42,1,0,1
Mads Bech Sørensen,dk DEN,DFMF,Brentford,0.2,7,11,63.6,0,0.0,0.0,0,2,0,0,1
Jan Bednarek,pl POL,DF,Southampton,15.6,646,778,83.0,0,0.1,0.2,3,31,1,0,45
Jan Bednarek,pl POL,DF,Aston Villa,1.1,60,66,90.9,0,0.0,0.0,0,4,0,0,5
Donny van de Beek,nl NED,MF,Manchester Utd,1.9,46,61,75.4,0,0.1,0.1,3,0,4,0,6
Asmir Begovi?,ba BIH,GK,Everton,1.0,21,30,70.0,0,0.0,0.0,0,0,0,0,0
Armel Bella Kotchap,de GER,DF,Southampton,20.9,749,937,79.9,2,1.0,0.5,6,32,4,0,39
Saïd Benrahma,dz ALG,FWMF,West Ham,22.0,560,745,75.2,3,4.4,3.2,46,30,21,11,79
Rodrigo Bentancur,uy URU,MF,Tottenham,16.7,738,880,83.9,2,0.8,0.7,11,54,9,4,76
Victor Bernth Kristiansen,dk DEN,DF,Leicester City,9.9,327,496,65.9,1,0.8,0.6,7,29,4,3,31
Owen Bevan,wls WAL,DF,Bournemouth,0.1,2,3,66.7,0,0.0,0.0,0,0,0,0,0
Giulian Biancone,fr FRA,DF,Nott'ham Forest,0.2,15,21,71.4,0,0.0,0.0,0,0,0,0,0
Philip Billing,dk DEN,MFFW,Bournemouth,29.1,746,974,76.6,1,3.1,2.5,24,46,8,3,76
Yves Bissouma,ml MLI,MF,Tottenham,9.0,514,571,90.0,0,0.5,0.3,8,40,4,1,45
Willy Boly,ci CIV,DF,Nott'ham Forest,6.7,183,243,75.3,1,0.2,0.3,1,8,0,0,11
Sven Botman,nl NED,DF,Newcastle Utd,30.7,1345,1567,85.8,0,1.0,1.1,8,53,3,1,76
Jarrod Bowen,eng ENG,FWMF,West Ham,34.6,519,834,62.2,4,6.4,5.2,43,38,23,8,69
James Bree,eng ENG,DF,Southampton,2.2,85,122,69.7,0,0.2,0.2,4,4,5,4,3
Armando Broja,al ALB,FW,Chelsea,3.3,33,53,62.3,0,0.1,0.1,1,1,1,0,4
David Brooks,wls WAL,FWDF,Bournemouth,0.4,4,6,66.7,0,0.0,0.0,0,1,0,0,0
Lewis Brunt,eng ENG,DF,Leicester City,0.3,17,21,81.0,0,0.0,0.0,0,0,0,0,0
Bryan,es ESP,MFFW,Tottenham,1.6,47,60,78.3,1,0.2,0.1,2,3,2,0,5
Emi Buendía,ar ARG,MFFW,Aston Villa,25.5,759,984,77.1,2,5.3,3.9,39,82,37,0,133
Hugo Bueno,es ESP,DF,Wolves,13.7,519,643,80.7,1,1.1,0.9,15,24,10,6,38
Facundo Buonanotte,ar ARG,FWMF,Brighton,3.2,89,113,78.8,1,0.5,0.2,5,4,3,1,5
Dan Burn,eng ENG,DF,Newcastle Utd,31.4,1196,1524,78.5,0,1.2,1.2,14,83,9,1,102
Cafú,pt POR,MF,Nott'ham Forest,0.1,2,2,100.0,0,0.0,0.0,0,1,0,0,1
Moisés Caicedo,ec ECU,MF,Brighton,30.4,1762,1983,88.9,1,2.5,2.4,39,161,32,5,194
Tom Cairney,sct SCO,MF,Fulham,8.5,527,619,85.1,0,1.2,1.3,10,61,15,5,74
Duje ?aleta-Car,hr CRO,DF,Southampton,10.5,480,568,84.5,0,0.0,0.2,1,26,0,0,33
Dominic Calvert-Lewin,eng ENG,FW,Everton,12.0,121,205,59.0,1,0.8,0.8,9,10,4,0,14
Chem Campbell,wls WAL,FWMF,Wolves,0.8,23,32,71.9,0,0.0,0.0,0,2,0,0,4
João Cancelo,pt POR,DF,Manchester City,14.2,1036,1220,84.9,1,0.9,1.5,12,80,36,9,106
Thomas Cannon,ie IRL,FW,Everton,0.3,4,5,80.0,0,0.5,0.0,1,0,0,0,0
Sergi Canós,es ESP,FWDF,Brentford,0.9,23,43,53.5,0,0.0,0.0,1,2,1,0,2
Diego Carlos,br BRA,DF,Aston Villa,2.3,112,142,78.9,0,0.0,0.1,1,9,1,0,11
Fabio Carvalho,pt POR,MFFW,Liverpool,3.8,114,139,82.0,0,0.1,0.2,1,7,2,0,11
Casemiro,br BRA,MF,Manchester Utd,19.9,935,1213,77.1,3,2.5,3.4,22,108,20,4,121
Matty Cash,pl POL,DF,Aston Villa,18.2,733,939,78.1,1,0.7,0.9,8,55,15,9,74
Timothy Castagne,be BEL,DF,Leicester City,33.2,1393,1736,80.2,3,2.6,2.2,22,84,20,10,103
Jonny Castro,es ESP,DF,Wolves,14.0,701,832,84.3,0,1.0,0.8,5,60,10,2,70
Julio César Enciso,py PAR,FWMF,Brighton,5.9,129,177,72.9,2,1.2,0.9,10,13,8,0,21
Nathaniel Chalobah,eng ENG,MF,Fulham,0.1,4,5,80.0,0,0.0,0.0,0,1,0,0,0
Trevoh Chalobah,eng ENG,DF,Chelsea,14.4,831,941,88.3,0,0.2,0.3,2,54,3,1,59
Calum Chambers,eng ENG,DFMF,Aston Villa,3.9,157,207,75.8,0,0.3,0.2,2,9,2,1,16
Ben Chilwell,eng ENG,DFMF,Chelsea,15.6,762,977,78.0,2,2.2,2.4,21,42,10,7,41
Ryan Christie,sct SCO,MFFW,Bournemouth,18.3,459,578,79.4,1,2.2,1.9,26,41,17,2,62
Carney Chukwuemeka,eng ENG,MFFW,Chelsea,2.6,98,117,83.8,0,0.1,0.1,3,6,4,2,12
Bobby Clark,eng ENG,MF,Liverpool,0.1,1,1,100.0,0,0.0,0.1,0,0,1,0,1
Nathaniel Clyne,eng ENG,DF,Crystal Palace,18.2,654,832,78.6,0,0.7,0.6,7,51,6,5,52
Conor Coady,eng ENG,DF,Everton,21.9,972,1149,84.6,1,0.3,0.5,4,71,3,1,40
Jack Colback,eng ENG,MF,Nott'ham Forest,5.5,119,143,83.2,0,0.2,0.2,2,12,3,1,16
Séamus Coleman,ie IRL,DF,Everton,18.4,597,789,75.7,0,0.9,0.9,4,35,18,7,61
Nathan Collins,ie IRL,DF,Wolves,18.2,917,1036,88.5,0,0.1,0.2,2,65,2,0,60
Levi Colwill,eng ENG,DF,Brighton,9.6,741,835,88.7,0,0.2,0.2,3,58,3,0,55
Lewis Cook,eng ENG,MF,Bournemouth,18.0,547,695,78.7,2,2.5,2.3,24,53,12,9,58
Steve Cook,eng ENG,DF,Nott'ham Forest,10.6,369,459,80.4,0,0.6,0.6,3,18,2,1,19
Liam Cooper,sct SCO,DF,Leeds United,14.8,572,729,78.5,0,0.7,0.3,5,45,1,1,40
Maxwel Cornet,ci CIV,FW,West Ham,1.9,44,61,72.1,0,0.1,0.1,1,2,1,1,4
Diego Costa,es ESP,FW,Wolves,12.7,137,194,70.6,0,0.7,0.7,11,9,4,0,13
Vladimír Coufal,cz CZE,DF,West Ham,21.7,643,1050,61.2,1,2.2,1.6,22,64,17,12,79
Philippe Coutinho,br BRA,MFFW,Aston Villa,8.8,288,384,75.0,0,0.5,0.8,8,30,8,2,48
Conor Coventry,ie IRL,MFFW,West Ham,0.0,0,0,,0,0.0,0.0,0,0,0,0,0
Aaron Cresswell,eng ENG,DF,West Ham,24.1,1081,1394,77.5,1,3.7,2.8,40,86,28,15,142
Marc Cucurella,es ESP,DF,Chelsea,18.6,1090,1293,84.3,2,0.6,0.9,11,77,12,6,73
Matheus Cunha,br BRA,FW,Wolves,10.0,160,217,73.7,0,0.5,0.2,6,5,2,0,13
Patson Daka,zm ZAM,FW,Leicester City,12.5,179,269,66.5,4,2.8,1.7,17,7,8,1,17
Diogo Dalot,pt POR,DF,Manchester Utd,22.9,1105,1397,79.1,2,1.9,1.5,29,80,28,13,92
Mikkel Damsgaard,dk DEN,MFFW,Brentford,8.9,223,330,67.6,0,1.0,1.0,10,31,8,1,33
Danilo,br BRA,MF,Nott'ham Forest,9.1,144,217,66.4,2,0.6,0.6,7,22,7,0,33
Arnaut Danjuma,nl NED,FWMF,Tottenham,1.0,15,28,53.6,0,0.0,0.0,1,0,2,2,0
Josh Dasilva,eng ENG,MF,Brentford,15.0,473,593,79.8,2,1.5,1.5,12,33,23,5,60
Ben Davies,wls WAL,DF,Tottenham,22.5,944,1159,81.4,2,2.3,1.3,18,72,6,3,101
Tom Davies,eng ENG,MF,Everton,6.0,173,234,73.9,0,0.2,0.3,2,25,2,0,30
Craig Dawson,eng ENG,DF,West Ham,8.0,245,310,79.0,0,0.1,0.1,1,25,0,0,18
Craig Dawson,eng ENG,DF,Wolves,13.7,677,805,84.1,0,0.0,0.1,1,46,1,0,38
Kevin De Bruyne,be BEL,MF,Manchester City,26.1,1157,1586,73.0,16,13.7,13.9,95,124,93,19,241
Siriki Dembélé,ci CIV,FWMF,Bournemouth,1.2,37,47,78.7,0,0.3,0.2,4,2,3,2,4
Leander Dendoncker,be BEL,MF,Aston Villa,7.7,247,281,87.9,0,0.5,0.1,5,16,0,0,17
Leander Dendoncker,be BEL,MF,Wolves,2.4,86,99,86.9,0,0.0,0.0,2,4,1,1,6
Emmanuel Dennis,ng NGA,FWMF,Nott'ham Forest,7.8,120,177,67.8,2,0.6,0.4,7,7,4,2,16
Halil Dervi?o?lu,tr TUR,MF,Brentford,0.1,0,0,,0,0.0,0.0,0,0,0,0,0
Kiernan Dewsbury-Hall,eng ENG,MF,Leicester City,24.8,838,1114,75.2,2,3.1,2.5,38,110,22,4,129
Ibrahima Diallo,fr FRA,MF,Southampton,9.1,317,402,78.9,0,0.1,0.1,4,24,2,0,28
Rúben Dias,pt POR,DF,Manchester City,21.2,1836,1983,92.6,0,0.6,0.3,3,130,0,0,95
Luis Díaz,co COL,FW,Liverpool,9.1,299,366,81.7,2,1.3,1.1,10,21,8,1,39
Eric Dier,eng ENG,DF,Tottenham,31.3,1708,2001,85.4,1,1.2,0.6,7,76,8,3,87
Lucas Digne,fr FRA,DF,Aston Villa,15.1,655,864,75.8,0,1.8,1.7,17,35,22,14,52
Issa Diop,fr FRA,DF,Fulham,19.4,1047,1218,86.0,0,0.0,0.2,1,65,3,0,63
Moussa Djenepo,ml MLI,DFFW,Southampton,7.7,169,232,72.8,2,0.5,0.4,8,13,5,3,18
Ben Doak,sct SCO,FW,Liverpool,0.3,10,14,71.4,0,0.0,0.0,0,0,0,0,1
Matt Doherty,ie IRL,DFMF,Tottenham,7.4,329,408,80.6,0,0.3,0.3,6,14,5,3,20
Gabriel Dos Santos,br BRA,DF,Arsenal,34.9,1984,2218,89.4,0,0.2,0.6,4,156,3,0,145
Abdoulaye Doucouré,ml MLI,MF,Everton,14.0,376,474,79.3,2,2.0,0.9,19,26,10,0,35
Cheick Doucouré,ml MLI,MF,Crystal Palace,28.1,932,1128,82.6,3,1.9,1.1,25,99,10,1,128
Flynn Downes,eng ENG,MF,West Ham,6.5,180,216,83.3,0,0.0,0.1,1,12,1,0,15
Cody Drameh,eng ENG,DF,Leeds United,0.8,30,38,78.9,0,0.0,0.0,0,2,0,0,2
Martin Dúbravka,sk SVK,GK,Newcastle Utd,0.7,19,22,86.4,0,0.0,0.0,0,1,0,0,0
Shane Duffy,ie IRL,DFFW,Fulham,0.2,16,20,80.0,0,0.0,0.0,0,0,0,0,0
Lewis Dunk,eng ENG,DF,Brighton,33.0,2658,2944,90.3,0,1.0,0.9,9,168,9,1,150
Jhon Durán,co COL,FWMF,Aston Villa,1.2,14,24,58.3,0,0.0,0.0,1,1,1,0,4
Malcolm Ebiowei,eng ENG,MFFW,Crystal Palace,0.4,5,10,50.0,0,0.0,0.0,0,0,0,0,2
Ederson,br BRA,GK,Manchester City,33.0,1009,1174,85.9,1,0.2,0.2,1,13,0,0,0
Odsonne Édouard,fr FRA,FW,Crystal Palace,18.0,270,376,71.8,2,1.1,0.7,15,9,9,0,32
Samuel Edozie,eng ENG,FWMF,Southampton,6.3,111,164,67.7,0,0.4,0.4,8,6,6,1,13
Anthony Elanga,se SWE,FW,Manchester Utd,4.7,95,130,73.1,1,0.9,1.0,6,3,3,0,8
Harvey Elliott,eng ENG,MFFW,Liverpool,17.4,776,968,80.2,2,3.3,4.3,23,65,38,6,127
Mohamed Elneny,eg EGY,MF,Arsenal,1.3,57,60,95.0,0,0.0,0.0,0,3,2,0,2
Mohamed Elyounoussi,no NOR,MFFW,Southampton,22.4,401,597,67.2,1,2.1,1.6,18,29,18,6,47
Emerson,br BRA,DF,Tottenham,16.5,714,890,80.2,1,0.6,1.0,9,46,16,3,71
Christian Eriksen,dk DEN,MF,Manchester Utd,19.9,1054,1308,80.6,7,3.8,2.9,31,130,23,4,143
Pervis Estupiñán,ec ECU,DF,Brighton,25.2,1386,1682,82.4,4,4.1,2.9,43,88,35,14,138
Jonny Evans,nir NIR,DF,Leicester City,9.0,603,675,89.3,0,0.0,0.1,1,40,1,0,31
Eberechi Eze,eng ENG,MFFW,Crystal Palace,26.3,822,1049,78.4,3,3.9,2.8,52,76,30,2,111
?ukasz Fabia?ski,pl POL,GK,West Ham,31.6,537,845,63.6,0,0.0,0.0,0,12,0,0,0
Fabinho,br BRA,MF,Liverpool,27.2,1471,1666,88.3,1,1.9,1.7,15,116,13,0,141
Wout Faes,be BEL,DF,Leicester City,28.0,1486,1739,85.5,2,0.6,0.6,9,69,5,0,72
Felipe,br BRA,DF,Nott'ham Forest,13.9,389,538,72.3,1,0.5,0.8,5,14,2,0,20
João Félix,pt POR,FWMF,Chelsea,9.0,236,309,76.4,0,0.5,0.9,7,27,14,1,41
Evan Ferguson,ie IRL,FW,Brighton,7.2,138,172,80.2,2,0.5,0.5,8,2,5,0,8
Bruno Fernandes,pt POR,MFFW,Manchester Utd,33.0,1344,1819,73.9,7,14.6,9.5,103,131,74,9,231
Enzo Fernández,ar ARG,MF,Chelsea,13.2,955,1083,88.2,2,1.5,1.5,13,122,15,0,119
Roberto Firmino,br BRA,FWMF,Liverpool,12.6,426,540,78.9,4,2.3,1.9,20,45,18,1,76
Junior Firpo,es ESP,DF,Leeds United,13.9,424,572,74.1,1,0.8,0.7,8,35,7,3,48
Phil Foden,eng ENG,FW,Manchester City,16.9,730,915,79.8,6,3.4,3.5,35,29,29,9,67
Datro Fofana,ci CIV,FW,Chelsea,0.7,4,6,66.7,0,0.1,0.1,2,0,1,0,1
Wesley Fofana,fr FRA,DF,Leicester City,2.0,117,140,83.6,0,0.0,0.0,0,16,0,0,6
Wesley Fofana,fr FRA,DF,Chelsea,10.6,615,691,89.0,0,0.0,0.3,1,44,2,0,36
Pablo Fornals,es ESP,FWMF,West Ham,14.1,456,640,71.3,1,1.5,1.8,14,48,8,4,64
Adam Forshaw,eng ENG,MF,Leeds United,3.1,90,111,81.1,0,0.5,0.3,2,12,1,0,14
Fraser Forster,eng ENG,GK,Tottenham,10.5,209,272,76.8,0,0.0,0.0,0,2,0,0,0
Tyrese Francois,au AUS,FW,Fulham,0.0,2,2,100.0,0,0.0,0.0,0,1,0,0,0
Ryan Fraser,sct SCO,FW,Newcastle Utd,3.5,85,122,69.7,0,0.4,0.3,5,4,4,1,9
Fred,br BRA,MF,Manchester Utd,12.8,553,705,78.4,1,2.1,1.3,23,54,10,2,67
Ryan Fredericks,eng ENG,DF,Bournemouth,5.9,149,220,67.7,0,0.1,0.3,1,5,6,1,15
Remo Freuler,ch SUI,MF,Nott'ham Forest,24.0,664,836,79.4,0,0.8,0.7,12,47,6,3,54
Cody Gakpo,nl NED,FW,Liverpool,13.8,247,332,74.4,2,1.7,1.3,17,25,10,1,38
Conor Gallagher,eng ENG,MFFW,Chelsea,14.6,577,722,79.9,1,2.3,1.6,21,58,16,5,88
Idrissa Gana Gueye,sn SEN,MF,Everton,26.1,956,1138,84.0,1,1.1,0.8,11,100,5,0,87
Alejandro Garnacho,es ESP,FWMF,Manchester Utd,5.0,115,143,80.4,2,1.0,0.9,2,1,1,0,5
James Garner,eng ENG,MF,Everton,6.1,172,235,73.2,1,0.2,0.3,4,13,4,2,23
David de Gea,es ESP,GK,Manchester Utd,34.0,788,1105,71.3,0,0.1,0.2,1,6,1,0,0
Joe Gelhardt,eng ENG,FW,Leeds United,2.4,43,67,64.2,2,0.5,0.4,2,3,1,0,6
Saman Ghoddos,ir IRN,MFDF,Brentford,1.5,54,73,74.0,0,0.4,0.3,3,3,1,0,6
Morgan Gibbs-White,eng ENG,FWMF,Wolves,2.0,75,95,78.9,0,0.1,0.2,1,10,1,0,12
Morgan Gibbs-White,eng ENG,MFFW,Nott'ham Forest,30.0,626,1013,61.8,7,7.9,6.0,62,69,40,5,129
Billy Gilmour,sct SCO,MF,Brighton,3.8,271,298,90.9,0,0.1,0.6,1,23,6,0,30
Degnand Gnonto,it ITA,FWMF,Leeds United,14.1,342,477,71.7,4,2.1,2.1,20,12,16,4,32
Ben Godfrey,eng ENG,DF,Everton,8.9,182,281,64.8,1,0.2,0.1,3,24,1,1,19
João Gomes,br BRA,MF,Wolves,5.3,184,242,76.0,0,0.2,0.1,5,12,0,0,15
Toti Gomes,pt POR,DF,Wolves,9.0,355,434,81.8,0,0.2,0.2,3,21,6,2,21
Joe Gomez,eng ENG,DF,Liverpool,15.3,1086,1275,85.2,0,0.2,0.7,1,116,4,0,103
Sergio Gómez,es ESP,DFMF,Manchester City,1.9,133,153,86.9,1,0.4,0.2,2,13,2,0,10
Anthony Gordon,eng ENG,FWMF,Newcastle Utd,4.4,144,175,82.3,0,0.8,0.8,5,11,4,0,14
Anthony Gordon,eng ENG,FW,Everton,12.2,193,280,68.9,0,0.6,0.5,8,8,11,2,19
Demarai Gray,eng ENG,FWMF,Everton,26.2,549,795,69.1,1,3.7,3.7,35,30,17,6,45
Jack Grealish,eng ENG,FW,Manchester City,22.7,898,1067,84.2,7,7.0,6.7,50,28,48,2,100
Sam Greenwood,eng ENG,MFFW,Leeds United,4.1,101,166,60.8,2,1.1,1.0,13,14,1,0,14
Pascal Groß,de GER,MFDF,Brighton,31.2,1661,2089,79.5,6,9.5,8.0,71,138,62,12,232
Vicente Guaita,es ESP,GK,Crystal Palace,27.0,610,845,72.2,0,0.0,0.0,0,3,0,0,1
Gonçalo Guedes,pt POR,FWMF,Wolves,7.9,138,201,68.7,1,0.5,0.5,9,11,8,2,16
Marc Guéhi,eng ENG,DF,Crystal Palace,34.0,1658,1954,84.9,0,0.3,0.6,8,124,2,0,95
Bruno Guimarães,br BRA,MF,Newcastle Utd,26.3,1177,1421,82.8,5,3.8,3.3,36,125,40,2,184
?lkay Gündo?an,de GER,MF,Manchester City,24.3,1259,1451,86.8,3,3.0,4.0,34,136,35,1,164
Darko Gyabi,eng ENG,FW,Leeds United,0.1,4,4,100.0,0,0.0,0.0,0,0,0,0,2
Erling Haaland,no NOR,FW,Manchester City,28.7,341,471,72.4,7,4.8,2.9,27,14,22,0,57
Lewis Hall,eng ENG,DFMF,Chelsea,3.4,147,195,75.4,0,0.3,0.2,4,10,3,1,9
Luke Harris,wls WAL,MFFW,Fulham,0.1,13,14,92.9,0,0.0,0.0,0,1,0,0,1
Jack Harrison,eng ENG,FWMF,Leeds United,27.7,672,1064,63.2,7,4.9,4.7,50,48,43,16,90
Kai Havertz,de GER,FWMF,Chelsea,26.1,643,798,80.6,1,3.4,2.5,35,43,23,2,75
Jan Paul van Hecke,nl NED,DF,Brighton,1.0,96,101,95.0,0,0.0,0.0,0,13,0,0,10
Hwang Hee-chan,kr KOR,FWMF,Wolves,10.5,173,229,75.5,1,1.0,0.5,9,8,7,1,23
Dean Henderson,eng ENG,GK,Nott'ham Forest,18.0,425,671,63.3,0,0.0,0.0,0,11,1,0,0
Jordan Henderson,eng ENG,MF,Liverpool,21.1,1232,1487,82.9,2,2.9,3.2,27,146,42,10,175
Wayne Hennessey,wls WAL,GK,Nott'ham Forest,2.0,45,56,80.4,0,0.0,0.0,0,2,0,0,0
Rico Henry,eng ENG,DF,Brentford,33.0,776,1079,71.9,2,2.5,2.6,21,67,34,12,98
Son Heung-min,kr KOR,MFFW,Tottenham,29.3,607,827,73.4,5,5.6,3.9,55,30,30,5,73
Aaron Hickey,sct SCO,DF,Brentford,18.6,600,726,82.6,0,0.2,0.5,3,56,11,4,74
Joseph Hodge,ie IRL,MF,Wolves,1.9,69,87,79.3,0,0.1,0.0,1,7,1,0,7
Rob Holding,eng ENG,DF,Arsenal,6.3,382,442,86.4,0,0.0,0.1,0,23,1,0,24
Mason Holgate,eng ENG,DF,Everton,4.9,135,201,67.2,0,0.3,0.2,5,11,2,1,12
Will Hughes,eng ENG,MF,Crystal Palace,6.5,210,273,76.9,1,0.9,0.5,5,19,5,0,22
Omari Hutchinson,eng ENG,FW,Chelsea,0.3,8,12,66.7,0,0.0,0.0,0,0,0,0,0
Pierre Højbjerg,dk DEN,MF,Tottenham,33.8,1974,2238,88.2,5,2.8,3.1,29,204,34,5,232
Kelechi Iheanacho,ng NGA,FWMF,Leicester City,11.2,200,278,71.9,4,3.5,1.7,18,18,8,0,24
Danny Ings,eng ENG,FW,West Ham,6.4,57,93,61.3,0,0.2,0.2,2,7,0,0,6
Danny Ings,eng ENG,FW,Aston Villa,9.2,114,162,70.4,0,1.2,0.6,9,7,4,0,12
Alexander Isak,se SWE,FW,Newcastle Utd,13.0,197,265,74.3,1,2.1,1.2,15,25,12,0,35
Daniel Iversen,dk DEN,GK,Leicester City,9.0,164,283,58.0,0,0.0,0.0,0,4,0,0,0
Alex Iwobi,ng NGA,MFFW,Everton,34.5,1070,1425,75.1,7,5.9,4.0,61,125,57,14,178
Daniel James,wls WAL,FW,Leeds United,2.2,24,40,60.0,0,0.3,0.3,1,1,3,1,3
Daniel James,wls WAL,FW,Fulham,6.8,117,183,63.9,1,0.7,0.4,7,2,7,2,15
Reece James,eng ENG,DFMF,Chelsea,13.8,891,1051,84.8,1,3.0,2.9,21,60,24,6,90
Vitaly Janelt,de GER,MFDF,Brentford,21.5,706,899,78.5,1,1.3,1.3,14,65,17,7,76
Pontus Jansson,se SWE,DF,Brentford,8.0,257,321,80.1,0,0.0,0.1,0,11,0,0,14
Mathias Jensen,dk DEN,MF,Brentford,29.6,1005,1458,68.9,5,4.5,4.5,45,107,36,16,129
Gabriel Jesus,br BRA,FW,Arsenal,20.1,500,621,80.5,5,3.3,2.4,27,29,20,1,59
Raúl Jiménez,mx MEX,FW,Wolves,8.3,122,172,70.9,1,1.7,0.5,8,8,7,1,13
Joelinton,br BRA,MFFW,Newcastle Utd,27.6,971,1188,81.7,1,2.3,1.8,24,75,18,3,119
Ben Johnson,eng ENG,DF,West Ham,8.6,355,481,73.8,0,0.2,0.4,3,24,9,4,37
Brennan Johnson,wls WAL,FWMF,Nott'ham Forest,31.4,283,491,57.6,3,3.2,1.9,28,12,18,6,30
Sam Johnstone,eng ENG,GK,Crystal Palace,6.0,141,199,70.9,0,0.0,0.0,0,2,0,0,0
Curtis Jones,eng ENG,MF,Liverpool,9.3,489,544,89.9,1,0.9,1.1,10,40,11,1,56
Jorginho,it ITA,MF,Arsenal,6.8,453,526,86.1,1,0.2,0.5,5,54,10,0,70
Jorginho,it ITA,MF,Chelsea,14.2,749,884,84.7,0,0.4,0.4,7,87,9,0,80
Mateo Joseph,eng ENG,FWMF,Leeds United,0.3,2,3,66.7,0,0.0,0.0,0,0,0,0,0
Diogo Jota,pt POR,FW,Liverpool,11.1,252,340,74.1,4,2.1,1.6,17,25,7,1,28
Hamed Junior Traorè,ci CIV,FWMF,Bournemouth,4.7,109,178,61.2,0,1.1,1.1,14,11,10,3,26
James Justin,eng ENG,DF,Leicester City,13.9,667,819,81.4,0,0.3,0.5,7,48,12,7,47
Mathias Jørgensen,dk DEN,DF,Brentford,11.1,359,453,79.2,0,0.1,0.1,1,29,0,0,33
Sasa Kalajdzic,at AUT,FW,Wolves,0.5,2,4,50.0,0,0.0,0.0,0,0,0,0,0
Boubacar Kamara,fr FRA,MF,Aston Villa,17.5,747,881,84.8,1,0.8,0.7,7,58,6,0,80
Harry Kane,eng ENG,FW,Tottenham,34.8,579,833,69.5,3,6.8,3.8,55,90,46,6,169
N'Golo Kanté,fr FRA,MF,Chelsea,5.8,271,338,80.2,1,1.9,0.8,13,23,11,3,34
Michael Keane,eng ENG,DF,Everton,10.3,276,399,69.2,1,0.3,0.2,2,30,0,0,27
Neeskens Kebano,cd COD,FW,Fulham,8.3,153,208,73.6,3,1.5,0.9,13,2,9,3,24
Thilo Kehrer,de GER,DF,West Ham,23.3,856,1033,82.9,2,0.6,0.8,8,55,4,1,56
Naby Keïta,gn GUI,MF,Liverpool,3.3,129,168,76.8,0,0.7,0.2,8,15,2,0,15
Lloyd Kelly,eng ENG,DF,Bournemouth,19.7,773,967,79.9,2,0.4,0.7,6,66,7,2,39
Max Kilman,eng ENG,DF,Wolves,35.0,1659,1996,83.1,0,0.1,0.6,2,126,7,2,118
Jakub Kiwior,pl POL,DF,Arsenal,2.2,84,93,90.3,0,0.0,0.0,0,1,0,0,1
Mateusz Klich,pl POL,MFFW,Leeds United,3.1,108,148,73.0,0,0.2,0.2,5,6,5,0,16
Robin Koch,de GER,DF,Leeds United,32.3,1161,1502,77.3,0,0.1,0.3,2,109,5,0,97
Ibrahima Konaté,fr FRA,DF,Liverpool,15.2,891,1016,87.7,0,0.1,0.7,1,47,2,0,51
Ezri Konsa,eng ENG,DF,Aston Villa,33.9,1578,1783,88.5,0,1.3,0.7,8,68,4,2,54
Kalidou Koulibaly,sn SEN,DF,Chelsea,19.9,1270,1465,86.7,1,0.4,0.4,7,83,9,1,81
Cheikhou Kouyaté,sn SEN,MF,Nott'ham Forest,9.3,174,233,74.7,0,0.7,0.3,6,11,2,0,18
Mateo Kova?i?,hr CRO,MF,Chelsea,18.2,1086,1267,85.7,2,2.1,2.0,23,151,23,1,150
Emil Krafth,se SWE,DF,Newcastle Utd,0.0,0,0,,0,0.0,0.0,0,0,0,0,0
Dejan Kulusevski,se SWE,MFFW,Tottenham,21.1,532,681,78.1,6,4.1,4.5,41,14,32,11,59
Layvin Kurzawa,fr FRA,DF,Fulham,1.5,28,41,68.3,0,0.0,0.0,0,1,1,1,2
Adam Lallana,eng ENG,MFFW,Brighton,8.0,262,317,82.6,1,1.0,1.2,14,23,9,1,33
Tariq Lamptey,gh GHA,DF,Brighton,5.0,239,302,79.1,0,0.2,0.7,4,14,8,5,26
Manuel Lanzini,ar ARG,MFFW,West Ham,1.7,83,100,83.0,0,0.0,0.1,0,7,2,0,14
Aymeric Laporte,es ESP,DF,Manchester City,8.2,651,704,92.5,0,0.2,0.4,4,65,6,0,66
Juan Larios,es ESP,DF,Southampton,1.7,63,82,76.8,0,0.0,0.0,0,5,0,0,4
Jamaal Lascelles,eng ENG,DF,Newcastle Utd,2.4,79,93,84.9,0,0.0,0.0,0,4,0,0,3
Roméo Lavia,be BEL,MF,Southampton,22.1,786,913,86.1,0,0.6,0.6,16,92,9,0,97
Dexter Lembikisa,jm JAM,DF,Wolves,0.3,10,13,76.9,0,0.0,0.0,0,2,0,0,3
Mario Lemina,ga GAB,MF,Wolves,12.4,465,539,86.3,1,0.3,0.4,3,29,5,1,38
Clément Lenglet,fr FRA,DF,Tottenham,19.4,1101,1265,87.0,2,0.6,0.8,6,70,10,5,76
Bernd Leno,de GER,GK,Fulham,33.0,984,1251,78.7,0,0.0,0.0,1,11,0,0,0
Jefferson Lerma,co COL,MF,Bournemouth,33.1,1180,1453,81.2,0,2.2,2.9,17,114,23,2,132
Jamal Lewis,nir NIR,DF,Newcastle Utd,0.1,10,12,83.3,0,0.0,0.0,0,0,0,0,1
Rico Lewis,eng ENG,DFMF,Manchester City,7.0,478,518,92.3,0,1.2,1.2,8,33,8,3,42
Keane Lewis-Potter,eng ENG,FWMF,Brentford,3.6,49,86,57.0,1,1.2,0.3,5,2,3,1,6
Victor Lindelöf,se SWE,DF,Manchester Utd,11.2,657,707,92.9,0,0.0,0.1,0,26,1,0,27
Jesse Lingard,eng ENG,FWMF,Nott'ham Forest,10.3,236,297,79.5,0,0.7,0.5,11,27,7,1,33
Diego Llorente,es ESP,DF,Leeds United,7.2,356,429,83.0,0,0.0,0.0,0,17,0,0,27
Hugo Lloris,fr FRA,GK,Tottenham,24.5,561,728,77.1,0,0.0,0.0,0,13,0,0,0
Renan Lodi,br BRA,DF,Nott'ham Forest,22.1,556,829,67.1,0,0.7,0.9,9,25,13,7,30
Ruben Loftus-Cheek,eng ENG,MFDF,Chelsea,14.9,678,798,85.0,0,1.3,1.6,12,69,14,1,74
Sean Longstaff,eng ENG,MF,Newcastle Utd,27.0,899,1113,80.8,4,3.3,2.5,22,77,20,5,112
Jamal Lowe,jm JAM,MFFW,Bournemouth,0.1,2,4,50.0,0,0.0,0.0,0,0,1,0,1
Douglas Luiz,br BRA,MF,Aston Villa,29.6,1370,1657,82.7,5,3.8,2.6,40,105,17,3,131
Saša Luki?,rs SRB,MF,Fulham,3.7,164,187,87.7,0,0.0,0.1,0,18,1,0,11
Lyanco,br BRA,DF,Southampton,10.1,320,456,70.2,0,0.4,0.1,3,29,3,1,31
Alexis Mac Allister,ar ARG,MF,Brighton,28.2,1415,1640,86.3,1,3.7,3.9,38,134,28,1,155
James Maddison,eng ENG,MFFW,Leicester City,25.1,771,1049,73.5,9,9.2,5.5,67,108,26,3,144
Noni Madueke,eng ENG,FW,Chelsea,4.2,134,173,77.5,0,0.3,0.3,7,7,7,0,21
Harry Maguire,eng ENG,DF,Manchester Utd,7.4,439,514,85.4,0,0.0,0.1,1,29,0,0,24
Riyad Mahrez,dz ALG,FWMF,Manchester City,17.5,828,1001,82.7,9,6.5,4.7,45,34,30,6,66
Kobbie Mainoo,eng ENG,MF,Manchester Utd,0.1,7,8,87.5,0,0.0,0.1,0,1,1,0,1
Ainsley Maitland-Niles,eng ENG,DFMF,Southampton,14.7,542,686,79.0,0,0.7,0.7,10,52,12,5,55
Tyrell Malacia,nl NED,DF,Manchester Utd,14.0,629,731,86.0,0,0.4,0.5,6,34,5,0,39
Orel Mangala,be BEL,MF,Nott'ham Forest,14.4,374,466,80.3,0,0.1,0.1,2,31,2,0,34
Javier Manquillo,es ESP,DF,Newcastle Utd,0.4,23,27,85.2,0,0.0,0.0,0,1,0,0,4
Sekou Mara,fr FRA,FWMF,Southampton,5.8,66,101,65.3,2,0.8,0.3,6,6,2,0,7
Solly March,eng ENG,FWDF,Brighton,30.2,951,1312,72.5,7,8.4,6.3,67,63,52,15,135
Emiliano Marcondes,dk DEN,MF,Bournemouth,0.1,1,1,100.0,0,0.0,0.0,0,1,0,0,1
Marquinhos,br BRA,MF,Arsenal,0.0,2,3,66.7,0,0.0,0.0,0,0,0,0,0
Anthony Martial,fr FRA,FW,Manchester Utd,8.5,205,248,82.7,2,1.3,1.3,9,13,10,0,29
Martinelli,br BRA,FW,Arsenal,30.8,831,1104,75.3,5,9.1,7.0,59,33,43,10,94
Emiliano Martínez,ar ARG,GK,Aston Villa,31.9,948,1256,75.5,0,0.3,0.3,2,17,0,0,0
Lisandro Martínez,ar ARG,DF,Manchester Utd,23.5,1330,1528,87.0,0,0.3,1.0,6,92,5,0,83
Pape Matar Sarr,sn SEN,MF,Tottenham,2.2,129,141,91.5,0,0.0,0.0,1,8,0,0,11
Jean-Philippe Mateta,fr FRA,FW,Crystal Palace,8.2,98,142,69.0,0,0.6,0.1,5,4,0,0,6
Joël Matip,cm CMR,DF,Liverpool,11.1,705,816,86.4,0,0.3,0.4,3,47,7,0,55
Neal Maupay,fr FRA,FW,Everton,11.8,180,241,74.7,0,0.6,0.2,7,7,2,0,10
Kevin Mbabu,ch SUI,DFFW,Fulham,1.6,68,94,72.3,1,0.4,0.4,2,4,5,3,8
Bryan Mbeumo,cm CMR,FW,Brentford,29.3,584,893,65.4,6,6.1,4.7,45,31,42,13,80
James McArthur,sct SCO,MF,Crystal Palace,0.2,17,22,77.3,0,0.0,0.0,0,0,0,0,0
Alex McCarthy,eng ENG,GK,Southampton,3.0,81,121,66.9,0,0.0,0.0,0,3,0,0,0
John McGinn,sct SCO,MFFW,Aston Villa,26.9,742,949,78.2,3,2.6,3.2,18,103,19,5,122
Scott McKenna,sct SCO,DF,Nott'ham Forest,17.5,569,727,78.3,0,1.0,0.4,8,35,3,1,35
Weston McKennie,us USA,MF,Leeds United,13.4,412,544,75.7,0,0.5,0.5,11,44,15,3,72
Dwight McNeil,eng ENG,FWMF,Everton,24.8,555,839,66.2,3,5.0,4.4,41,37,23,12,61
Scott McTominay,sct SCO,MF,Manchester Utd,12.5,340,412,82.5,0,0.5,1.0,7,30,5,1,30
Ben Mee,eng ENG,DF,Brentford,33.3,1224,1613,75.9,0,0.3,0.7,5,79,7,1,79
Edouard Mendy,sn SEN,GK,Chelsea,8.5,213,268,79.5,0,0.0,0.0,0,4,0,0,0
Nampalys Mendy,sn SEN,MF,Leicester City,8.2,357,408,87.5,0,0.0,0.1,2,20,3,0,28
Chris Mepham,wls WAL,DF,Bournemouth,23.4,828,988,83.8,0,0.2,0.6,4,41,2,0,40
Illan Meslier,fr FRA,GK,Leeds United,34.0,664,1039,63.9,0,0.0,0.0,0,13,1,0,0
Alexander Mighten,eng ENG,FW,Nott'ham Forest,0.1,1,1,100.0,0,0.0,0.0,0,0,0,0,0
Luka Milivojevi?,rs SRB,MF,Crystal Palace,5.7,207,260,79.6,0,0.2,0.2,2,17,2,1,20
James Milner,eng ENG,MFDF,Liverpool,8.7,476,619,76.9,1,0.8,1.6,11,50,13,4,59
Yerry Mina,co COL,DF,Everton,3.6,171,191,89.5,0,0.0,0.0,0,10,0,0,7
Tyrone Mings,eng ENG,DF,Aston Villa,32.0,1535,1799,85.3,2,1.4,0.9,5,97,6,0,105
Tyrick Mitchell,eng ENG,DF,Crystal Palace,29.1,1032,1447,71.3,2,1.1,1.2,13,78,19,8,93
Kaoru Mitoma,jp JPN,FW,Brighton,21.5,686,861,79.7,4,5.7,4.6,34,43,25,1,79
Aleksandar Mitrovi?,rs SRB,FW,Fulham,20.1,270,449,60.1,1,2.1,1.1,15,25,8,1,41
Kieffer Moore,wls WAL,FW,Bournemouth,13.2,200,339,59.0,0,0.3,0.5,4,16,6,0,22
Andrew Moran,ie IRL,FW,Brighton,0.1,1,2,50.0,0,0.0,0.0,0,0,0,0,0
Álex Moreno,es ESP,DF,Aston Villa,13.6,544,697,78.0,3,2.6,2.2,21,14,24,11,31
Mason Mount,eng ENG,MFFW,Chelsea,18.3,585,778,75.2,2,3.0,2.8,30,55,27,5,98
Lucas Moura,br BRA,MFDF,Tottenham,1.4,48,71,67.6,0,0.3,0.3,3,3,5,1,10
João Moutinho,pt POR,MF,Wolves,19.8,850,1057,80.4,2,2.6,1.9,36,105,23,4,132
Divin Mubama,eng ENG,FW,West Ham,0.0,1,1,100.0,0,0.0,0.0,0,0,0,0,0
Mykhailo Mudryk,ua UKR,FW,Chelsea,6.4,143,195,73.3,2,0.7,1.1,8,10,10,0,19
Jacob Murphy,eng ENG,FW,Newcastle Utd,13.5,290,438,66.2,2,2.8,3.1,19,20,26,4,57
Enock Mwepu,zm ZAM,FWMF,Brighton,2.4,61,78,78.2,1,0.5,0.2,3,5,2,0,6
Vitaliy Mykolenko,ua UKR,DF,Everton,29.5,966,1292,74.8,0,1.2,0.9,19,84,21,11,100
Keylor Navas,cr CRC,GK,Nott'ham Forest,15.0,290,482,60.2,0,0.0,0.0,0,6,0,0,1
Wilfred Ndidi,ng NGA,MFDF,Leicester City,17.0,735,866,84.9,0,0.1,0.2,3,48,0,0,50
Reiss Nelson,eng ENG,FW,Arsenal,1.7,82,98,83.7,2,0.6,0.4,7,1,4,2,4
Neto,br BRA,GK,Bournemouth,24.5,457,750,60.9,0,0.0,0.0,0,14,2,0,0
Pedro Neto,pt POR,FWMF,Wolves,10.2,269,362,74.3,0,2.1,1.6,19,13,9,4,24
Rúben Neves,pt POR,MF,Wolves,31.1,1617,1957,82.6,1,1.4,1.3,28,190,13,1,203
Moussa Niakhate,sn SEN,DF,Nott'ham Forest,9.9,209,296,70.6,0,0.1,0.1,1,12,0,0,11
Rasmus Nissen,dk DEN,DF,Leeds United,18.8,647,925,69.9,1,1.0,0.9,8,51,16,2,69
Eddie Nketiah,eng ENG,FW,Arsenal,11.5,193,242,79.8,1,1.2,1.3,8,7,6,0,15
Matheus Nunes,pt POR,MF,Wolves,25.7,756,957,79.0,1,2.2,1.1,26,68,16,5,79
Darwin Núñez,uy URU,FW,Liverpool,18.8,258,401,64.3,3,5.4,2.8,28,11,12,1,29
Ethan Nwaneri,eng ENG,FW,Arsenal,0.0,0,0,,0,0.0,0.0,0,0,0,0,0
Christian Nørgaard,dk DEN,MF,Brentford,19.6,608,812,74.9,3,3.1,1.8,12,68,8,2,73
Lewis O'Brien,eng ENG,MF,Nott'ham Forest,6.5,166,214,77.6,0,0.2,0.2,4,19,3,0,21
Odeluga Offiah,eng ENG,DF,Brighton,0.0,4,6,66.7,0,0.0,0.0,0,0,1,0,1
Angelo Ogbonna,it ITA,DF,West Ham,11.7,266,335,79.4,0,0.2,0.1,2,6,1,0,8
Michael Olise,fr FRA,FWMF,Crystal Palace,27.6,869,1258,69.1,9,7.2,5.4,60,65,44,12,120
Robin Olsen,se SWE,GK,Aston Villa,3.1,74,131,56.5,0,0.0,0.0,0,2,0,0,0
Amadou Onana,be BEL,MF,Everton,25.4,744,893,83.3,2,2.3,1.6,19,69,10,0,63
Josh Onomah,eng ENG,MF,Fulham,0.2,4,6,66.7,0,0.0,0.0,0,0,0,0,0
Paul Onuachu,ng NGA,FW,Southampton,3.8,50,77,64.9,0,0.1,0.1,4,4,1,0,5
Frank Onyeka,ng NGA,MF,Brentford,7.8,154,210,73.3,2,0.6,0.7,6,17,3,0,21
Mislav Orši?,hr CRO,MF,Southampton,0.1,2,3,66.7,0,0.0,0.0,0,0,0,0,0
Stefan Ortega,de GER,GK,Manchester City,1.0,43,47,91.5,0,0.0,0.0,0,0,0,0,0
Dango Ouattara,bf BFA,MFFW,Bournemouth,11.7,171,278,61.5,3,2.2,1.4,17,18,11,7,17
Alex Oxlade-Chamberlain,eng ENG,FWMF,Liverpool,3.7,75,106,70.8,0,0.9,0.2,5,8,2,0,14
David Ozoh,,FW,Crystal Palace,0.0,3,3,100.0,0,0.0,0.0,0,0,0,0,0
João Palhinha,pt POR,MF,Fulham,31.7,963,1169,82.4,0,0.4,0.4,7,112,3,0,100
Cole Palmer,eng ENG,FWMF,Manchester City,1.7,76,87,87.4,0,0.2,0.3,3,3,5,1,8
Emerson Palmieri,it ITA,DFFW,West Ham,12.4,458,585,78.3,0,0.8,0.7,11,29,9,3,39
Lucas Paquetá,br BRA,MF,West Ham,22.1,804,1035,77.7,2,1.8,1.9,27,84,26,3,127
Thomas Partey,gh GHA,MF,Arsenal,25.2,1547,1782,86.8,0,1.3,2.2,24,213,20,2,205
Nathan Patterson,sct SCO,DFMF,Everton,12.9,446,592,75.3,0,0.4,0.6,6,20,8,3,22
Ben Pearson,eng ENG,MF,Bournemouth,3.2,108,134,80.6,0,0.0,0.0,0,8,0,0,5
Facundo Pellistri,uy URU,FWMF,Manchester Utd,0.6,12,13,92.3,0,0.0,0.0,0,0,0,0,0
Andreas Pereira,br BRA,MF,Fulham,29.9,701,1068,65.6,6,5.2,4.1,60,86,22,9,121
Ricardo Pereira,pt POR,DFMF,Leicester City,4.3,228,285,80.0,1,0.5,0.6,6,24,9,3,25
Ayoze Pérez,es ESP,MFFW,Leicester City,4.2,118,171,69.0,1,1.5,0.6,11,13,6,0,20
Ivan Periši?,hr CRO,DFMF,Tottenham,23.3,702,1101,63.8,8,6.1,5.2,47,29,35,23,59
Romain Perraud,fr FRA,DF,Southampton,20.4,623,885,70.4,2,1.9,1.9,15,47,15,8,62
Máximo Perrone,ar ARG,MF,Manchester City,0.2,18,21,85.7,0,0.0,0.0,0,0,0,0,2
Kalvin Phillips,eng ENG,MF,Manchester City,1.2,123,135,91.1,0,0.0,0.0,1,15,0,0,7
Nathaniel Phillips,eng ENG,DF,Liverpool,0.7,71,82,86.6,0,0.0,0.0,0,7,0,0,9
Jordan Pickford,eng ENG,GK,Everton,34.0,686,1212,56.6,1,0.1,0.4,2,50,1,0,1
Ethan Pinnock,jm JAM,DF,Brentford,27.0,803,1024,78.4,0,1.0,1.1,8,40,2,2,45
Daniel Podence,pt POR,FWMF,Wolves,18.6,427,636,67.1,0,2.4,2.0,34,32,37,7,89
Nick Pope,eng ENG,GK,Newcastle Utd,33.2,575,836,68.8,0,0.1,0.0,2,11,0,0,1
Pedro Porro,es ESP,DFMF,Tottenham,10.5,380,526,72.2,2,2.0,1.8,20,20,18,12,30
Dennis Praet,be BEL,MFFW,Leicester City,7.2,200,270,74.1,0,0.5,0.4,3,10,5,1,17
Isaac Price,nir NIR,MF,Everton,0.4,12,14,85.7,0,0.1,0.0,1,1,0,0,1
Christian Pulisic,us USA,FWDF,Chelsea,8.7,228,289,78.9,1,0.7,0.4,12,12,3,1,22
Aaron Ramsdale,eng ENG,GK,Arsenal,35.0,693,1014,68.3,0,0.0,0.0,0,27,2,0,8
Jacob Ramsey,eng ENG,MFFW,Aston Villa,26.3,677,822,82.4,5,3.7,2.1,38,63,25,2,94
Marcus Rashford,eng ENG,FW,Manchester Utd,30.5,585,770,76.0,5,3.1,2.6,28,35,47,2,77
David Raya,es ESP,GK,Brentford,35.0,964,1493,64.6,0,0.1,0.2,2,72,3,0,13
Tim Ream,us USA,DF,Fulham,32.2,1662,1922,86.5,0,0.1,0.3,3,148,0,0,142
Nathan Redmond,eng ENG,DF,Southampton,0.0,0,1,0.0,0,0.0,0.0,0,0,0,0,0
Harrison Reed,eng ENG,MF,Fulham,29.6,908,1176,77.2,3,2.7,1.7,31,77,28,11,97
Bobby Reid,jm JAM,FWDF,Fulham,27.1,629,895,70.3,1,1.7,1.5,18,36,37,10,60
Declan Rice,eng ENG,MF,West Ham,34.0,1676,1949,86.0,1,3.2,1.8,36,212,11,3,215
Chris Richards,us USA,DF,Crystal Palace,5.0,169,203,83.3,0,0.3,0.0,1,15,0,0,14
Richarlison,br BRA,MFFW,Tottenham,10.2,184,259,71.0,3,2.2,1.5,15,16,10,3,28
Jaïro Riedewald,nl NED,DFFW,Crystal Palace,0.5,26,35,74.3,0,0.0,0.0,0,1,0,0,0
Matt Ritchie,sct SCO,FWMF,Newcastle Utd,0.4,24,31,77.4,0,0.1,0.0,1,0,0,0,1
Andrew Robertson,sct SCO,DF,Liverpool,26.9,1678,2115,79.3,8,6.0,6.4,50,107,33,14,148
Antonee Robinson,us USA,DF,Fulham,31.3,1266,1733,73.1,1,1.2,1.6,20,95,36,23,111
Joel Robles,es ESP,GK,Leeds United,1.0,23,39,59.0,0,0.0,0.0,0,0,0,0,0
Marc Roca,es ESP,MF,Leeds United,25.7,972,1283,75.8,2,2.7,2.4,32,154,16,2,168
Marek Rodák,sk SVK,GK,Fulham,2.0,29,61,47.5,0,0.0,0.0,0,0,0,0,0
Rodri,es ESP,MF,Manchester City,30.2,2563,2812,91.1,6,4.1,3.5,32,256,31,3,253
Rodrigo,es ESP,FWMF,Leeds United,18.5,349,496,70.4,1,1.5,0.9,14,22,14,2,42
Mads Roerslev,dk DEN,DF,Brentford,12.2,186,291,63.9,0,1.0,0.7,7,14,6,4,19
Cristian Romero,ar ARG,DF,Tottenham,25.3,1342,1533,87.5,1,1.2,1.0,8,85,8,0,92
Oriol Romeu,es ESP,MF,Southampton,0.8,28,30,93.3,0,0.0,0.2,0,0,2,0,4
Cristiano Ronaldo,pt POR,FW,Manchester Utd,5.8,121,162,74.7,0,0.4,0.2,6,7,1,0,12
Connor Ronan,ie IRL,MF,Wolves,0.0,3,4,75.0,0,0.0,0.0,0,3,0,0,0
Salomón Rondón,ve VEN,FW,Everton,1.2,22,29,75.9,0,0.2,0.1,2,2,1,0,1
Joe Rothwell,eng ENG,MF,Bournemouth,10.4,357,426,83.8,1,1.0,1.5,8,32,11,1,31
Georginio Rutter,fr FRA,FWMF,Leeds United,2.7,25,52,48.1,0,0.2,0.2,3,1,1,0,5
José Sá,pt POR,GK,Wolves,35.0,821,1177,69.8,0,0.0,0.0,0,10,0,0,0
Marcel Sabitzer,at AUT,MF,Manchester Utd,7.0,237,307,77.2,1,0.9,1.3,10,30,7,1,38
Allan Saint-Maximin,fr FRA,FW,Newcastle Utd,11.2,279,401,69.6,5,3.8,2.5,25,20,32,4,59
Bukayo Saka,eng ENG,FW,Arsenal,32.7,976,1321,73.9,11,8.1,5.6,71,47,62,12,100
Mohamed Salah,eg EGY,FW,Liverpool,33.6,822,1073,76.6,7,6.2,6.0,58,49,70,6,136
William Saliba,fr FRA,DF,Arsenal,26.8,1698,1865,91.0,1,1.2,0.3,6,111,3,0,99
Mohammed Salisu,gh GHA,DF,Southampton,21.9,879,1196,73.5,1,0.6,0.5,7,80,7,4,82
Albert Sambi Lokonga,be BEL,MF,Arsenal,2.2,132,140,94.3,0,0.0,0.1,1,17,1,0,12
Albert Sambi Lokonga,be BEL,MF,Crystal Palace,6.0,228,264,86.4,0,0.0,0.1,1,23,0,0,20
Davinson Sánchez,co COL,DF,Tottenham,7.5,404,463,87.3,0,0.1,0.2,1,33,1,1,30
Robert Sánchez,es ESP,GK,Brighton,23.0,604,781,77.3,0,0.0,0.0,0,11,0,0,0
Jadon Sancho,eng ENG,FWMF,Manchester Utd,15.1,519,622,83.4,2,2.5,2.4,31,19,31,1,62
Morgan Sanson,fr FRA,MF,Aston Villa,0.1,5,7,71.4,0,0.0,0.0,0,0,0,0,1
Pablo Sarabia,es ESP,FWMF,Wolves,7.7,234,338,69.2,0,0.8,0.8,11,24,13,4,36
Jeremy Sarmiento,ec ECU,MF,Brighton,2.0,53,67,79.1,1,0.2,0.3,2,4,5,1,11
Gianluca Scamacca,it ITA,FW,West Ham,10.3,118,177,66.7,0,0.7,0.5,13,14,5,1,17
Gustavo Scarpa,br BRA,MFFW,Nott'ham Forest,2.0,51,78,65.4,0,0.0,0.0,1,10,0,0,12
Kevin Schade,de GER,FW,Brentford,6.1,72,125,57.6,1,0.7,0.3,6,5,3,0,12
Fabian Schär,ch SUI,DF,Newcastle Utd,31.6,1240,1619,76.6,3,3.2,1.9,17,120,18,2,125
Jeffrey Schlupp,gh GHA,MFFW,Crystal Palace,28.1,665,900,73.9,1,1.4,1.0,18,59,11,0,98
Nélson Semedo,pt POR,DF,Wolves,26.2,1087,1352,80.4,1,0.7,0.9,11,92,15,5,98
Antoine Semenyo,gh GHA,FWMF,Bournemouth,2.9,38,57,66.7,0,0.1,0.0,2,5,0,0,5
Marcos Senesi,ar ARG,DF,Bournemouth,25.7,926,1165,79.5,0,0.5,0.4,5,73,4,1,55
Ryan Sessegnon,eng ENG,DF,Tottenham,9.0,280,390,71.8,0,1.1,1.1,6,16,11,3,22
Luke Shaw,eng ENG,DF,Manchester Utd,25.9,1599,1922,83.2,2,3.2,2.6,31,156,28,14,122
Jonjo Shelvey,eng ENG,MF,Newcastle Utd,0.4,19,26,73.1,0,0.0,0.0,0,4,0,0,3
Jonjo Shelvey,eng ENG,MF,Nott'ham Forest,6.0,221,302,73.2,0,0.3,0.8,6,37,8,2,34
Bernardo Silva,pt POR,MFFW,Manchester City,23.4,1233,1454,84.8,5,3.1,3.9,29,70,33,9,125
Thiago Silva,br BRA,DF,Chelsea,23.1,1655,1827,90.6,2,0.4,0.9,4,103,12,0,93
Ellis Simms,eng ENG,FW,Everton,2.5,37,61,60.7,0,0.1,0.4,2,3,1,0,4
Luis Sinisterra,co COL,FW,Leeds United,9.6,273,339,80.5,0,0.4,0.9,9,18,17,2,39
Oliver Skipp,eng ENG,MF,Tottenham,13.9,556,651,85.4,0,0.6,0.4,9,41,7,1,51
Adam Smith,eng ENG,DF,Bournemouth,30.7,891,1185,75.2,1,0.9,1.4,12,66,24,15,80
Emile Smith Rowe,eng ENG,MFFW,Arsenal,1.6,63,73,86.3,1,0.6,0.5,5,3,3,0,5
Cédric Soares,pt POR,DF,Arsenal,0.3,19,24,79.2,0,0.0,0.0,0,0,0,0,3
Cédric Soares,pt POR,DF,Fulham,2.2,143,186,76.9,0,0.3,0.2,2,13,4,3,12
Dominic Solanke,eng ENG,FW,Bournemouth,28.8,318,473,67.2,7,3.9,2.3,21,20,13,1,41
Manor Solomon,il ISR,FW,Fulham,5.8,160,189,84.7,0,0.3,0.6,5,5,8,1,24
Tomáš Sou?ek,cz CZE,MF,West Ham,29.6,646,910,71.0,3,1.9,1.0,15,64,11,6,86
Boubakary Soumaré,fr FRA,MF,Leicester City,15.1,678,790,85.8,0,0.3,0.4,9,64,5,1,67
Harry Souttar,au AUS,DF,Leicester City,10.0,436,535,81.5,1,0.2,0.1,3,36,1,0,28
Ça?lar Söyüncü,tr TUR,DF,Leicester City,5.9,241,309,78.0,0,0.1,0.0,1,9,0,0,12
Djed Spence,eng ENG,FWDF,Tottenham,0.1,5,9,55.6,0,0.0,0.0,0,0,0,0,0
Jack Stacey,eng ENG,DF,Bournemouth,3.3,74,130,56.9,0,0.0,0.0,0,6,1,1,2
Junior Stanislas,eng ENG,MF,Bournemouth,0.7,22,28,78.6,0,0.1,0.2,2,3,0,0,4
Jay Stansfield,eng ENG,FW,Fulham,1.0,9,23,39.1,0,0.1,0.0,1,0,0,0,0
Jason Steele,eng ENG,GK,Brighton,10.0,298,332,89.8,1,0.1,0.2,1,2,0,0,0
Jack Stephens,eng ENG,DF,Southampton,0.5,23,28,82.1,0,0.0,0.0,0,3,0,0,3
Jack Stephens,eng ENG,DF,Bournemouth,13.0,446,543,82.1,0,0.2,0.2,3,37,3,2,34
Raheem Sterling,eng ENG,FWMF,Chelsea,18.3,446,602,74.1,3,4.2,3.0,30,22,29,8,51
John Stones,eng ENG,DFMF,Manchester City,19.2,1355,1459,92.9,2,1.3,1.0,7,107,3,0,99
Pascal Struijk,nl NED,DF,Leeds United,22.9,1006,1255,80.2,1,2.3,1.1,13,87,12,3,114
Kamaldeen Sulemana,gh GHA,FWMF,Southampton,9.2,169,235,71.9,1,1.2,1.0,13,10,9,1,33
Crysencio Summerville,nl NED,FW,Leeds United,15.5,305,406,75.1,2,1.6,1.1,16,19,12,2,45
Sam Surridge,eng ENG,FW,Nott'ham Forest,3.6,38,78,48.7,0,0.1,0.0,1,4,0,0,6
Japhet Tanganga,eng ENG,DF,Tottenham,1.6,82,92,89.1,0,0.0,0.0,0,4,1,1,5
Matt Targett,eng ENG,DF,Newcastle Utd,5.9,297,380,78.2,0,0.4,0.7,10,19,5,0,42
James Tarkowski,eng ENG,DF,Everton,35.0,1236,1527,80.9,1,2.2,1.8,14,89,2,0,99
Marcus Tavernier,eng ENG,MFFW,Bournemouth,19.4,510,724,70.4,4,2.9,1.3,19,34,16,5,56
Tetê,br BRA,FW,Leicester City,7.8,175,245,71.4,0,0.4,0.3,6,16,4,1,25
Kenny Tete,nl NED,DF,Fulham,25.5,979,1357,72.1,5,1.9,1.8,23,65,24,17,89
Luke Thomas,eng ENG,DF,Leicester City,9.7,446,560,79.6,0,0.7,0.5,5,31,6,2,41
Youri Tielemans,be BEL,MF,Leicester City,23.0,1181,1457,81.1,1,4.2,3.1,27,151,28,7,171
Kieran Tierney,sct SCO,DF,Arsenal,7.4,322,432,74.5,1,0.3,0.4,4,32,7,1,31
Harry Toffolo,eng ENG,DF,Nott'ham Forest,9.9,234,375,62.4,0,0.8,0.9,5,13,7,4,28
Takehiro Tomiyasu,jp JPN,DF,Arsenal,7.4,384,474,81.0,1,0.6,0.2,4,41,6,2,51
James Tomkins,eng ENG,DF,Crystal Palace,3.8,138,171,80.7,0,0.0,0.0,0,2,0,0,2
Ivan Toney,eng ENG,FW,Brentford,32.8,468,787,59.5,4,5.1,3.5,27,54,26,5,79
Adama Traoré,es ESP,FWMF,Wolves,14.5,290,441,65.8,1,3.5,2.9,21,15,19,13,32
Bertrand Traoré,bf BFA,FWMF,Aston Villa,2.6,59,75,78.7,0,0.1,0.1,1,1,5,3,9
Boubacar Traoré,ml MLI,MF,Wolves,4.3,97,125,77.6,1,0.2,0.1,1,16,1,0,8
Mark Travers,ie IRL,GK,Bournemouth,10.5,244,324,75.3,0,0.0,0.0,0,4,0,0,0
Kieran Trippier,eng ENG,DF,Newcastle Utd,33.1,1752,2454,71.4,6,11.2,10.8,101,154,89,26,226
Leandro Trossard,be BEL,FW,Arsenal,7.9,284,369,77.0,8,4.0,3.0,17,19,24,5,48
Leandro Trossard,be BEL,FWMF,Brighton,14.6,379,529,71.6,2,2.1,2.1,23,42,25,7,67
Kostas Tsimikas,gr GRE,DF,Liverpool,7.7,410,540,75.9,4,1.5,1.1,17,18,6,3,23
Deniz Undav,de GER,FWMF,Brighton,4.6,84,109,77.1,0,0.8,0.9,6,4,3,0,6
Yan Valery,tn TUN,DF,Southampton,0.5,15,23,65.2,0,0.0,0.0,0,1,0,0,0
Virgil van Dijk,nl NED,DF,Liverpool,29.5,2186,2420,90.3,1,1.2,1.0,6,148,6,0,120
Raphaël Varane,fr FRA,DF,Manchester Utd,18.3,817,952,85.8,0,0.2,0.3,4,67,3,0,53
Jamie Vardy,eng ENG,FW,Leicester City,18.8,127,244,52.0,4,1.4,0.6,14,7,5,1,13
Joël Veltman,nl NED,DF,Brighton,22.8,1202,1439,83.5,1,0.6,1.0,9,153,11,4,145
Fabio Vieira,pt POR,MF,Arsenal,5.3,217,268,81.0,2,2.5,1.4,11,23,7,2,30
Matías Viña,uy URU,DF,Bournemouth,3.8,105,138,76.1,0,0.2,0.1,2,6,4,0,12
Rúben Vinagre,pt POR,DFMF,Everton,0.3,15,24,62.5,0,0.0,0.0,0,2,0,0,0
Carlos Vinícius,br BRA,FW,Fulham,11.5,110,176,62.5,2,0.7,0.8,6,10,5,1,13
Theo Walcott,eng ENG,FWMF,Southampton,10.0,143,206,69.4,1,1.3,1.2,11,6,5,2,10
Kyle Walker,eng ENG,DF,Manchester City,17.8,1389,1592,87.2,0,0.2,0.8,5,156,7,2,138
Kyle Walker-Peters,eng ENG,DF,Southampton,26.4,923,1210,76.3,0,1.2,2.3,14,62,27,8,90
Aaron Wan-Bissaka,eng ENG,DF,Manchester Utd,12.9,585,696,84.1,0,1.0,0.9,13,43,9,2,48
Danny Ward,wls WAL,GK,Leicester City,26.0,708,945,74.9,0,0.0,0.0,0,7,0,0,0
Joel Ward,eng ENG,DF,Crystal Palace,22.1,788,1057,74.6,0,0.2,0.5,6,68,8,5,83
James Ward-Prowse,eng ENG,MF,Southampton,34.5,1606,2047,78.5,3,6.0,5.0,72,174,29,15,183
Ollie Watkins,eng ENG,FW,Aston Villa,31.8,368,531,69.3,6,3.5,2.4,28,23,15,2,35
Adam Webster,eng ENG,DF,Brighton,21.3,1470,1669,88.1,0,0.2,0.4,6,118,5,1,117
Wout Weghorst,nl NED,FWMF,Manchester Utd,8.1,132,184,71.7,1,1.0,1.0,12,7,1,0,15
Danny Welbeck,eng ENG,FW,Brighton,18.5,324,389,83.3,3,3.3,1.6,24,27,12,0,45
Ben White,eng ENG,DF,Arsenal,30.9,1705,2044,83.4,5,3.1,3.5,25,201,39,12,232
Harvey White,eng ENG,MF,Tottenham,0.1,3,8,37.5,0,0.0,0.0,0,0,1,1,0
Joseph Whitworth,eng ENG,GK,Crystal Palace,2.0,61,83,73.5,0,0.0,0.0,0,0,0,0,0
Neco Williams,wls WAL,DF,Nott'ham Forest,20.9,533,840,63.5,0,1.4,1.2,15,29,14,9,33
Willian,br BRA,FW,Fulham,20.8,613,782,78.4,3,3.9,2.1,41,39,24,1,99
Joe Willock,eng ENG,MF,Newcastle Utd,26.8,745,912,81.7,6,5.5,4.2,34,88,31,8,115
Callum Wilson,eng ENG,FW,Newcastle Utd,18.1,144,215,67.0,4,2.4,1.8,19,8,6,0,17
Harry Wilson,wls WAL,FW,Fulham,9.8,252,333,75.7,2,0.7,0.6,10,17,7,0,28
Yoane Wissa,cd COD,FW,Brentford,15.0,202,293,68.9,2,2.3,0.9,10,20,8,0,25
Maximilian Wöber,at AUT,DF,Leeds United,11.4,409,582,70.3,0,0.5,0.3,5,51,2,1,46
Chris Wood,nz NZL,FW,Newcastle Utd,5.0,66,106,62.3,0,0.3,0.3,3,3,1,0,4
Chris Wood,nz NZL,FW,Nott'ham Forest,4.1,43,71,60.6,0,0.2,0.1,3,5,2,0,7
Joe Worrall,eng ENG,DF,Nott'ham Forest,21.7,820,1059,77.4,0,0.8,0.6,5,69,6,0,62
Granit Xhaka,ch SUI,MF,Arsenal,31.1,1321,1561,84.6,7,5.0,4.0,45,142,40,4,192
Ryan Yates,eng ENG,MF,Nott'ham Forest,17.5,411,528,77.8,2,1.2,0.4,7,26,3,0,41
Ashley Young,eng ENG,DF,Aston Villa,21.2,854,1130,75.6,0,1.0,0.8,14,78,18,5,102
Illia Zabarnyi,ua UKR,DF,Bournemouth,0.3,4,5,80.0,0,0.0,0.0,0,2,0,0,1
Wilfried Zaha,ci CIV,FWMF,Crystal Palace,24.9,472,613,77.0,2,2.6,2.8,25,16,40,3,70
Denis Zakaria,ch SUI,MF,Chelsea,4.6,158,179,88.3,0,0.0,0.1,1,8,0,0,6
Jordan Zemura,zw ZIM,DF,Bournemouth,16.2,423,594,71.2,1,1.9,2.1,18,32,12,5,45
Oleksandr Zinchenko,ua UKR,DF,Arsenal,23.5,1652,1911,86.4,2,1.4,2.4,19,201,41,4,227
Hakim Ziyech,ma MAR,FWMF,Chelsea,7.0,234,364,64.3,2,1.8,1.5,12,19,17,7,39
Kurt Zouma,fr FRA,DF,West Ham,21.6,689,817,84.3,0,0.1,0.1,1,19,2,0,30
Martin Ødegaard,no NOR,MF,Arsenal,32.1,1325,1649,80.4,7,7.5,7.3,70,128,86,4,247