Rk,Player,Nation,Pos,Squad,Age,Born,90s,Cmp,Cmp - short,Att - short,Cmp% - short,Cmp - medium,Att - medium,Cmp% - medium,Cmp - long,Att - long,Cmp% - long,Ast,xAG,xA,Key Passes,Passes Into Final 3rd,Passes Into Penalty Area,Crs Into Penalty Area,Prg
1,Brenden Aaronson,us USA,MF,Leeds United,22-192,2000,25.5,574,332,407,81.6,146,189,77.2,25,60,41.7,3,4.2,2.6,46,45,16,4,84
2,Che Adams,sct SCO,FW,Southampton,26-293,1996,21.3,321,202,272,74.3,72,110,65.5,26,37,70.3,3,2.8,2.2,24,20,10,2,32
3,Tyler Adams,us USA,MF,Leeds United,24-077,1999,24.0,1108,607,686,88.5,390,460,84.8,63,107,58.9,0,1.4,1.0,24,110,13,0,136
4,Tosin Adarabioyo,eng ENG,DF,Fulham,25-220,1997,18.2,788,193,228,84.6,497,560,88.8,89,160,55.6,0,0.2,0.3,4,67,4,0,74
5,Nayef Aguerd,ma MAR,DF,West Ham,27-033,1996,14.7,476,170,186,91.4,240,280,85.7,61,137,44.5,0,0.4,0.2,4,33,4,0,22
6,Naouirou Ahamada,fr FRA,MFFW,Crystal Palace,21-034,2002,1.0,37,19,23,82.6,15,17,88.2,1,3,33.3,0,0.1,0.0,1,3,0,0,2
7,Rayan Aït Nouri,dz ALG,DF,Wolves,21-330,2001,11.5,446,255,287,88.9,159,195,81.5,20,32,62.5,0,1.0,0.8,7,28,14,5,43
8,Kristoffer Ajer,no NOR,DF,Brentford,25-015,1998,8.5,259,131,159,82.4,102,128,79.7,23,40,57.5,0,0.0,0.1,1,20,3,1,31
9,Manuel Akanji,ch SUI,DF,Manchester City,27-287,1995,22.6,1665,755,787,95.9,788,827,95.3,101,143,70.6,1,0.4,0.9,7,114,3,1,96
10,Nathan Aké,nl NED,DF,Manchester City,28-073,1995,18.7,1477,722,759,95.1,668,724,92.3,61,94,64.9,0,0.6,1.2,8,136,8,1,128
11,Marc Albrighton,eng ENG,FWMF,Leicester City,33-165,1989,2.6,89,48,60,80.0,23,34,67.6,12,34,35.3,0,0.9,0.4,6,6,5,2,7
12,Thiago Alcántara,es ESP,MF,Liverpool,32-021,1991,13.9,946,433,466,92.9,346,392,88.3,136,172,79.1,0,1.1,1.3,17,110,20,1,120
13,Carlos Alcaraz,ar ARG,MFFW,Southampton,20-153,2002,8.0,160,86,104,82.7,57,65,87.7,4,15,26.7,1,0.5,0.4,3,14,5,0,20
14,Trent Alexander-Arnold,eng ENG,DF,Liverpool,24-207,1998,27.5,1843,844,949,88.9,690,878,78.6,278,537,51.8,8,9.2,7.6,62,192,67,23,200
15,Alisson,br BRA,GK,Liverpool,30-212,1992,33.0,1126,282,284,99.3,589,598,98.5,251,428,58.6,1,0.3,0.0,1,14,0,0,2
16,Dele Alli,eng ENG,MF,Everton,27-021,1996,0.4,12,6,8,75.0,4,5,80.0,0,0,,0,0.0,0.0,0,2,0,0,1
17,Miguel Almirón,py PAR,FW,Newcastle Utd,29-081,1994,23.6,693,432,480,90.0,199,246,80.9,26,36,72.2,1,1.8,2.3,21,41,26,3,109
18,Julián Álvarez,ar ARG,FWMF,Manchester City,23-091,2000,11.1,248,149,178,83.7,59,80,73.8,17,25,68.0,0,1.3,0.9,13,14,9,2,26
19,Daniel Amartey,gh GHA,DF,Leicester City,28-132,1994,17.9,1015,442,473,93.4,498,526,94.7,62,91,68.1,0,0.5,0.4,5,58,1,0,66
20,Joachim Andersen,dk DEN,DF,Crystal Palace,26-336,1996,26.9,1287,291,325,89.5,743,815,91.2,247,464,53.2,0,1.1,0.7,10,113,7,1,82
21,Elliot Anderson,sct SCO,MFFW,Newcastle Utd,20-177,2002,2.4,82,44,53,83.0,30,36,83.3,3,6,50.0,0,0.7,0.9,5,9,2,0,13
22,Jaidon Anthony,eng ENG,MFFW,Bournemouth,23-152,1999,12.6,345,197,227,86.8,101,138,73.2,28,52,53.8,1,1.0,1.1,12,23,18,7,46
23,Michail Antonio,jm JAM,FW,West Ham,33-035,1990,17.9,162,95,140,67.9,52,95,54.7,11,30,36.7,3,1.2,0.7,14,12,7,2,25
24,Antony,br BRA,FW,Manchester Utd,23-067,2000,16.1,517,362,406,89.2,108,149,72.5,19,37,51.4,1,1.8,1.8,18,22,25,1,57
25,Cameron Archer,eng ENG,FWMF,Aston Villa,21-285,2001,0.5,8,5,5,100.0,3,5,60.0,0,0,,0,0.0,0.0,0,2,0,0,0
26,Alphonse Areola,fr FRA,GK,West Ham,30-064,1993,3.4,67,25,25,100.0,22,22,100.0,19,43,44.2,0,0.0,0.0,0,0,0,0,0
27,Joe Aribo,ng NGA,MFFW,Southampton,26-285,1996,12.8,268,182,235,77.4,60,81,74.1,9,12,75.0,0,0.8,0.5,9,20,9,0,39
28,Adam Armstrong,eng ENG,FW,Southampton,26-081,1997,14.3,215,117,141,83.0,69,87,79.3,13,22,59.1,1,0.7,0.8,10,12,10,2,16
29,Stuart Armstrong,sct SCO,MFFW,Southampton,31-033,1992,13.5,459,252,294,85.7,163,195,83.6,27,48,56.3,0,1.8,2.4,15,41,29,6,69
30,Kepa Arrizabalaga,es ESP,GK,Chelsea,28-211,1994,23.5,716,233,235,99.1,319,323,98.8,162,306,52.9,0,0.0,0.0,0,5,0,0,0
31,Pierre-Emerick Aubameyang,ga GAB,FW,Chelsea,33-318,1989,5.7,76,52,66,78.8,20,24,83.3,2,4,50.0,0,0.4,0.2,4,2,2,1,3
32,Ludwig Augustinsson,se SWE,DF,Aston Villa,29-011,1994,0.9,26,13,16,81.3,10,16,62.5,2,8,25.0,0,0.0,0.0,0,0,0,0,0
33,Serge Aurier,ci CIV,DF,Nott'ham Forest,30-129,1992,17.9,599,337,412,81.8,211,301,70.1,35,77,45.5,0,1.0,0.8,10,36,12,6,61
34,Taiwo Awoniyi,ng NGA,FW,Nott'ham Forest,25-263,1997,12.0,121,81,108,75.0,31,43,72.1,2,6,33.3,1,1.1,0.3,9,5,2,0,11
35,Yasin Ayari,se SWE,MF,Brighton,19-208,2003,0.2,10,5,6,83.3,2,2,100.0,3,3,100.0,0,0.1,0.3,2,3,1,0,2
36,André Ayew,gh GHA,FWMF,Nott'ham Forest,33-136,1989,3.5,51,37,45,82.2,13,21,61.9,0,1,0.0,0,0.0,0.0,1,3,1,0,11
37,Jordan Ayew,gh GHA,FWMF,Crystal Palace,31-233,1991,26.2,592,375,428,87.6,172,224,76.8,15,40,37.5,2,2.6,2.2,28,32,14,6,56
38,Luke Ayling,eng ENG,DF,Leeds United,31-250,1991,18.8,681,378,435,86.9,230,321,71.7,55,132,41.7,1,1.9,2.1,11,52,15,8,66
39,César Azpilicueta,es ESP,DF,Chelsea,33-247,1989,12.8,674,379,412,92.0,270,333,81.1,15,63,23.8,0,1.0,1.0,10,32,16,4,61
40,Benoît Badiashile,fr FRA,DF,Chelsea,22-037,2001,8.1,590,225,248,90.7,317,338,93.8,44,62,71.0,0,0.5,0.2,3,36,5,0,45
41,Leon Bailey,jm JAM,FWMF,Aston Villa,25-266,1997,19.3,309,170,219,77.6,90,142,63.4,34,71,47.9,3,3.6,4.0,24,18,19,14,26
42,Stefan Bajcetic,es ESP,MF,Liverpool,18-192,2004,5.8,200,98,118,83.1,74,89,83.1,18,29,62.1,0,0.4,0.5,4,17,7,1,24
43,Patrick Bamford,eng ENG,FW,Leeds United,29-239,1993,14.6,206,148,187,79.1,32,55,58.2,2,6,33.3,2,0.9,0.6,11,18,9,0,22
44,Shandon Baptiste,gd GRN,MF,Brentford,25-024,1998,6.3,232,121,135,89.6,85,95,89.5,20,31,64.5,1,1.0,0.5,9,22,8,2,39
45,Harvey Barnes,eng ENG,FWMF,Leicester City,25-144,1997,27.1,498,328,421,77.9,127,191,66.5,16,36,44.4,1,2.9,1.9,17,35,28,4,70
46,Gavin Bazunu,ie IRL,GK,Southampton,21-071,2002,32.0,718,183,185,98.9,256,263,97.3,278,722,38.5,0,0.1,0.1,1,42,1,0,1
47,Mads Bech Sørensen,dk DEN,DFMF,Brentford,24-115,1999,0.2,7,3,3,100.0,3,4,75.0,1,4,25.0,0,0.0,0.0,0,2,0,0,1
48,Jan Bednarek,pl POL,DF,Southampton,27-020,1996,14.6,580,233,273,85.3,280,308,90.9,60,99,60.6,0,0.1,0.2,3,25,0,0,33
49,Jan Bednarek,pl POL,DF,Aston Villa,27-020,1996,1.1,60,16,17,94.1,33,35,94.3,10,12,83.3,0,0.0,0.0,0,4,0,0,5
50,Donny van de Beek,nl NED,MF,Manchester Utd,26-014,1997,1.9,46,31,34,91.2,8,8,100.0,1,2,50.0,0,0.1,0.1,3,0,4,0,6
51,Asmir Begović,ba BIH,GK,Everton,35-316,1987,1.0,21,3,3,100.0,10,10,100.0,8,17,47.1,0,0.0,0.0,0,0,0,0,0
52,Armel Bella Kotchap,de GER,DF,Southampton,21-142,2001,20.5,713,276,311,88.7,363,402,90.3,66,156,42.3,2,1.0,0.4,6,31,4,0,36
53,Saïd Benrahma,dz ALG,FWMF,West Ham,27-265,1995,20.9,523,325,368,88.3,155,210,73.8,22,57,38.6,3,3.9,2.8,42,25,17,9,70
54,Rodrigo Bentancur,uy URU,MF,Tottenham,25-311,1997,16.7,738,368,413,89.1,301,336,89.6,39,70,55.7,2,0.8,0.7,11,54,9,4,76
55,Victor Bernth Kristiansen,dk DEN,DF,Leicester City,20-137,2002,9.1,299,160,192,83.3,117,181,64.6,19,52,36.5,1,0.8,0.6,6,23,4,3,26
56,Owen Bevan,wls WAL,DF,Bournemouth,19-188,2003,0.1,2,1,1,100.0,1,1,100.0,0,0,,0,0.0,0.0,0,0,0,0,0
57,Giulian Biancone,fr FRA,DF,Nott'ham Forest,23-032,2000,0.2,15,6,7,85.7,8,10,80.0,1,3,33.3,0,0.0,0.0,0,0,0,0,0
58,Philip Billing,dk DEN,MFFW,Bournemouth,26-325,1996,28.1,728,412,489,84.3,233,290,80.3,39,83,47.0,1,3.1,2.2,23,43,8,3,73
59,Yves Bissouma,ml MLI,MF,Tottenham,26-245,1996,9.0,514,266,281,94.7,208,225,92.4,25,33,75.8,0,0.5,0.3,8,40,4,1,45
60,Willy Boly,ci CIV,DF,Nott'ham Forest,32-088,1991,6.6,181,59,72,81.9,100,118,84.7,18,42,42.9,1,0.2,0.3,1,7,0,0,10
61,Sven Botman,nl NED,DF,Newcastle Utd,23-110,2000,29.7,1288,402,458,87.8,717,785,91.3,155,228,68.0,0,1.0,1.0,8,52,2,0,74
62,Jarrod Bowen,eng ENG,FWMF,West Ham,26-133,1996,32.7,499,283,349,81.1,153,206,74.3,48,151,31.8,4,6.3,5.2,42,34,23,8,65
63,James Bree,eng ENG,DF,Southampton,25-203,1997,2.2,85,52,67,77.6,21,31,67.7,8,15,53.3,0,0.2,0.2,4,4,5,4,3
64,Armando Broja,al ALB,FW,Chelsea,21-234,2001,3.3,33,21,33,63.6,9,15,60.0,2,3,66.7,0,0.1,0.1,1,1,1,0,4
65,David Brooks,wls WAL,DFFW,Bournemouth,25-298,1997,0.3,2,1,1,100.0,1,1,100.0,0,0,,0,0.0,0.0,0,0,0,0,0
66,Lewis Brunt,eng ENG,DF,Leicester City,22-177,2000,0.3,17,7,8,87.5,10,11,90.9,0,1,0.0,0,0.0,0.0,0,0,0,0,0
67,Bryan,es ESP,MFFW,Tottenham,22-080,2001,1.6,47,26,32,81.3,14,16,87.5,2,4,50.0,1,0.2,0.1,2,3,2,0,5
68,Emi Buendía,ar ARG,MFFW,Aston Villa,26-128,1996,24.6,741,405,479,84.6,243,308,78.9,60,83,72.3,2,5.2,3.9,37,80,37,0,131
69,Hugo Bueno,es ESP,DF,Wolves,20-226,2002,13.7,519,331,359,92.2,155,194,79.9,19,50,38.0,1,1.1,0.9,15,24,10,6,38
70,Facundo Buonanotte,ar ARG,FWMF,Brighton,18-130,2004,2.0,52,40,43,93.0,8,12,66.7,2,4,50.0,1,0.5,0.1,5,3,1,0,3
71,Dan Burn,eng ENG,DF,Newcastle Utd,30-358,1992,30.5,1175,573,648,88.4,495,604,82.0,85,167,50.9,0,1.2,1.2,14,82,9,1,100
72,Cafú,pt POR,MF,Nott'ham Forest,30-065,1993,0.1,2,0,0,,2,2,100.0,0,0,,0,0.0,0.0,0,1,0,0,1
73,Moisés Caicedo,ec ECU,MF,Brighton,21-181,2001,28.4,1619,903,977,92.4,552,608,90.8,108,137,78.8,1,2.4,2.1,35,145,30,5,173
74,Tom Cairney,sct SCO,MF,Fulham,32-102,1991,6.8,449,226,246,91.9,159,184,86.4,41,62,66.1,0,1.2,1.2,10,54,13,5,69
75,Duje Ćaleta-Car,hr CRO,DF,Southampton,26-227,1996,10.5,480,155,173,89.6,268,289,92.7,53,93,57.0,0,0.0,0.2,1,26,0,0,33
76,Dominic Calvert-Lewin,eng ENG,FW,Everton,26-047,1997,11.0,111,72,108,66.7,23,42,54.8,3,5,60.0,0,0.5,0.3,7,9,3,0,13
77,Chem Campbell,wls WAL,FWMF,Wolves,20-123,2002,0.8,23,10,11,90.9,13,14,92.9,0,5,0.0,0,0.0,0.0,0,2,0,0,4
78,João Cancelo,pt POR,DF,Manchester City,28-340,1994,14.2,1036,578,621,93.1,363,430,84.4,81,123,65.9,1,0.9,1.5,12,80,36,9,106
79,Thomas Cannon,ie IRL,FW,Everton,20-125,2002,0.3,4,3,4,75.0,1,1,100.0,0,0,,0,0.5,0.0,1,0,0,0,0
80,Sergi Canós,es ESP,FWDF,Brentford,26-089,1997,0.9,23,14,18,77.8,4,15,26.7,1,2,50.0,0,0.0,0.0,1,2,1,0,2
81,Diego Carlos,br BRA,DF,Aston Villa,30-048,1993,2.0,101,30,36,83.3,57,66,86.4,14,24,58.3,0,0.0,0.0,0,8,0,0,10
82,Fabio Carvalho,pt POR,MFFW,Liverpool,20-245,2002,3.8,114,70,81,86.4,30,37,81.1,5,6,83.3,0,0.1,0.2,1,7,2,0,11
83,Casemiro,br BRA,MF,Manchester Utd,31-068,1992,17.9,840,374,449,83.3,346,417,83.0,101,166,60.8,3,2.4,3.3,20,100,20,4,107
84,Matty Cash,pl POL,DF,Aston Villa,25-268,1997,18.2,733,327,364,89.8,339,411,82.5,57,125,45.6,1,0.7,0.9,8,55,15,9,74
85,Timothy Castagne,be BEL,DF,Leicester City,27-148,1995,32.2,1362,837,937,89.3,429,533,80.5,56,116,48.3,3,2.6,2.1,22,83,18,9,102
86,Jonny Castro,es ESP,DF,Wolves,29-060,1994,14.0,701,382,419,91.2,264,305,86.6,44,62,71.0,0,1.0,0.8,5,60,10,2,70
87,Julio César Enciso,py PAR,FWMF,Brighton,19-099,2004,4.4,101,69,87,79.3,29,38,76.3,1,5,20.0,2,1.0,0.8,7,9,5,0,16
88,Nathaniel Chalobah,eng ENG,MF,Fulham,28-141,1994,0.1,4,2,2,100.0,2,2,100.0,0,0,,0,0.0,0.0,0,1,0,0,0
89,Trevoh Chalobah,eng ENG,DF,Chelsea,23-301,1999,13.3,746,289,322,89.8,398,429,92.8,53,73,72.6,0,0.2,0.3,2,42,2,1,45
90,Calum Chambers,eng ENG,DFMF,Aston Villa,28-102,1995,3.9,157,66,76,86.8,77,94,81.9,14,31,45.2,0,0.3,0.2,2,9,2,1,16
91,Ben Chilwell,eng ENG,DFMF,Chelsea,26-132,1996,13.8,700,437,470,93.0,198,253,78.3,39,112,34.8,2,2.2,2.2,21,40,8,5,38
92,Ryan Christie,sct SCO,MFFW,Bournemouth,28-069,1995,17.4,439,231,273,84.6,153,171,89.5,39,69,56.5,0,2.0,1.8,24,38,17,2,62
93,Carney Chukwuemeka,eng ENG,MFFW,Chelsea,19-194,2003,2.6,98,70,82,85.4,15,19,78.9,5,5,100.0,0,0.1,0.1,3,6,4,2,12
94,Bobby Clark,eng ENG,MF,Liverpool,18-084,2005,0.1,1,0,0,,1,1,100.0,0,0,,0,0.0,0.1,0,0,1,0,1
95,Nathaniel Clyne,eng ENG,DF,Crystal Palace,32-027,1991,18.2,654,341,386,88.3,283,346,81.8,24,73,32.9,0,0.7,0.6,7,51,6,5,52
96,Conor Coady,eng ENG,DF,Everton,30-066,1993,21.9,972,268,286,93.7,548,588,93.2,148,257,57.6,1,0.3,0.5,4,71,3,1,40
97,Jack Colback,eng ENG,MF,Nott'ham Forest,33-190,1989,5.5,119,61,71,85.9,48,55,87.3,8,11,72.7,0,0.2,0.2,2,12,3,1,16
98,Séamus Coleman,ie IRL,DF,Everton,34-203,1988,18.4,597,306,350,87.4,237,299,79.3,42,99,42.4,0,0.9,0.9,4,35,18,7,61
99,Nathan Collins,ie IRL,DF,Wolves,22-002,2001,18.1,917,270,297,90.9,520,555,93.7,110,158,69.6,0,0.1,0.2,2,65,2,0,60
100,Levi Colwill,eng ENG,DF,Brighton,20-065,2003,8.9,691,283,308,91.9,348,379,91.8,50,65,76.9,0,0.1,0.2,2,51,3,0,47
101,Lewis Cook,eng ENG,MF,Bournemouth,26-088,1997,17.6,539,262,299,87.6,216,250,86.4,46,85,54.1,2,2.5,2.2,24,53,12,9,58
102,Steve Cook,eng ENG,DF,Nott'ham Forest,32-013,1991,10.6,369,80,99,80.8,234,261,89.7,51,91,56.0,0,0.6,0.6,3,18,2,1,19
103,Liam Cooper,sct SCO,DF,Leeds United,31-245,1991,14.8,572,222,253,87.7,293,348,84.2,49,108,45.4,0,0.7,0.3,5,45,1,1,40
104,Maxwel Cornet,ci CIV,FW,West Ham,26-217,1996,1.9,44,28,34,82.4,13,17,76.5,1,1,100.0,0,0.1,0.1,1,2,1,1,4
105,Diego Costa,es ESP,FW,Wolves,34-207,1988,11.8,129,75,96,78.1,37,46,80.4,1,3,33.3,0,0.5,0.6,9,8,4,0,13
106,Vladimír Coufal,cz CZE,DF,West Ham,30-253,1992,21.1,634,299,363,82.4,245,387,63.3,72,202,35.6,1,2.0,1.6,21,64,17,12,79
107,Philippe Coutinho,br BRA,MFFW,Aston Villa,30-324,1992,8.8,288,180,210,85.7,82,112,73.2,17,36,47.2,0,0.5,0.8,8,30,8,2,48
108,Conor Coventry,ie IRL,MFFW,West Ham,23-038,2000,0.0,0,0,0,,0,0,,0,0,,0,0.0,0.0,0,0,0,0,0
109,Aaron Cresswell,eng ENG,DF,West Ham,33-138,1989,22.1,1010,558,597,93.5,345,446,77.4,94,192,49.0,1,3.6,2.8,39,81,27,14,136
110,Marc Cucurella,es ESP,DF,Chelsea,24-284,1998,18.6,1090,600,647,92.7,396,453,87.4,59,110,53.6,2,0.6,0.9,11,77,12,6,73
111,Matheus Cunha,br BRA,FW,Wolves,23-340,1999,9.3,151,95,115,82.6,32,45,71.1,7,14,50.0,0,0.5,0.2,6,5,2,0,13
112,Patson Daka,zm ZAM,FW,Leicester City,24-205,1998,12.4,177,107,142,75.4,52,77,67.5,5,9,55.6,3,2.6,1.3,16,7,8,1,17
113,Diogo Dalot,pt POR,DF,Manchester Utd,24-045,1999,21.9,1064,430,483,89.0,508,599,84.8,110,199,55.3,2,1.9,1.5,29,79,28,13,89
114,Mikkel Damsgaard,dk DEN,MFFW,Brentford,22-303,2000,8.8,220,126,153,82.4,71,105,67.6,13,36,36.1,0,1.0,1.0,10,31,8,1,33
115,Danilo,br BRA,MF,Nott'ham Forest,22-003,2001,8.1,124,63,77,81.8,46,60,76.7,14,31,45.2,1,0.5,0.3,6,19,6,0,33
116,Arnaut Danjuma,nl NED,FWMF,Tottenham,26-091,1997,1.0,15,10,15,66.7,3,5,60.0,2,2,100.0,0,0.0,0.0,1,0,2,2,0
117,Josh Dasilva,eng ENG,MF,Brentford,24-191,1998,14.8,471,241,275,87.6,184,211,87.2,37,66,56.1,2,1.5,1.5,12,33,23,5,60
118,Ben Davies,wls WAL,DF,Tottenham,30-008,1993,21.5,903,439,487,90.1,380,439,86.6,62,116,53.4,2,2.3,1.3,17,68,6,3,97
119,Tom Davies,eng ENG,MF,Everton,24-306,1998,6.0,173,87,111,78.4,64,76,84.2,16,29,55.2,0,0.2,0.3,2,25,2,0,30
120,Craig Dawson,eng ENG,DF,West Ham,32-361,1990,8.0,245,74,86,86.0,121,137,88.3,48,79,60.8,0,0.1,0.1,1,25,0,0,18
121,Craig Dawson,eng ENG,DF,Wolves,32-361,1990,12.7,648,185,205,90.2,361,392,92.1,95,153,62.1,0,0.0,0.1,1,46,1,0,37
122,Kevin De Bruyne,be BEL,MF,Manchester City,31-308,1991,25.1,1073,483,573,84.3,431,573,75.2,144,254,56.7,16,13.3,13.4,90,115,88,19,226
123,Siriki Dembélé,ci CIV,FWMF,Bournemouth,26-237,1996,1.2,37,22,29,75.9,10,13,76.9,2,2,100.0,0,0.3,0.2,4,2,3,2,4
124,Leander Dendoncker,be BEL,MF,Aston Villa,28-017,1995,7.7,247,119,128,93.0,110,120,91.7,11,16,68.8,0,0.5,0.1,5,16,0,0,17
125,Leander Dendoncker,be BEL,MF,Wolves,28-017,1995,2.4,86,45,50,90.0,32,32,100.0,8,8,100.0,0,0.0,0.0,2,4,1,1,6
126,Emmanuel Dennis,ng NGA,FWMF,Nott'ham Forest,25-168,1997,7.8,120,71,90,78.9,37,55,67.3,8,11,72.7,2,0.6,0.4,7,7,4,2,16
127,Halil Dervişoğlu,tr TUR,MF,Brentford,23-145,1999,0.1,0,0,0,,0,0,,0,0,,0,0.0,0.0,0,0,0,0,0
128,Kiernan Dewsbury-Hall,eng ENG,MF,Leicester City,24-238,1998,24.7,827,420,495,84.8,300,377,79.6,81,156,51.9,2,3.1,2.5,38,108,22,4,125
129,Ibrahima Diallo,fr FRA,MF,Southampton,24-055,1999,9.1,317,181,206,87.9,112,139,80.6,16,34,47.1,0,0.1,0.1,4,24,2,0,28
130,Rúben Dias,pt POR,DF,Manchester City,25-353,1997,20.2,1699,605,633,95.6,950,997,95.3,130,186,69.9,0,0.6,0.3,3,116,0,0,86
131,Luis Díaz,co COL,FW,Liverpool,26-109,1997,8.1,274,157,187,84.0,94,109,86.2,16,18,88.9,2,1.1,1.0,8,21,7,1,36
132,Eric Dier,eng ENG,DF,Tottenham,29-107,1994,31.3,1708,636,688,92.4,866,934,92.7,179,317,56.5,1,1.2,0.6,7,76,8,3,87
133,Lucas Digne,fr FRA,DF,Aston Villa,29-286,1993,15.0,652,367,409,89.7,230,310,74.2,44,92,47.8,0,1.8,1.7,17,35,22,14,51
134,Issa Diop,fr FRA,DF,Fulham,26-113,1997,17.5,934,282,316,89.2,552,600,92.0,97,169,57.4,0,0.0,0.2,1,58,3,0,58
135,Moussa Djenepo,ml MLI,DFFW,Southampton,24-321,1998,7.7,169,99,113,87.6,56,79,70.9,8,20,40.0,2,0.5,0.4,8,13,5,3,18
136,Ben Doak,sct SCO,FW,Liverpool,17-172,2005,0.3,10,9,10,90.0,0,1,0.0,0,1,0.0,0,0.0,0.0,0,0,0,0,1
137,Matt Doherty,ie IRL,DFMF,Tottenham,31-106,1992,7.4,329,190,204,93.1,107,137,78.1,18,35,51.4,0,0.3,0.3,6,14,5,3,20
138,Gabriel Dos Santos,br BRA,DF,Arsenal,25-134,1997,32.9,1895,754,801,94.1,986,1046,94.3,134,220,60.9,0,0.2,0.6,4,153,3,0,143
139,Abdoulaye Doucouré,ml MLI,MF,Everton,30-121,1993,13.0,357,211,257,82.1,123,145,84.8,5,10,50.0,2,1.8,0.9,17,26,10,0,35
140,Cheick Doucouré,ml MLI,MF,Crystal Palace,23-114,2000,27.1,907,430,478,90.0,388,452,85.8,70,97,72.2,3,1.9,1.1,24,99,10,1,125
141,Flynn Downes,eng ENG,MF,West Ham,24-102,1999,5.5,158,106,114,93.0,40,50,80.0,6,9,66.7,0,0.0,0.1,1,11,1,0,13
142,Cody Drameh,eng ENG,DF,Leeds United,21-145,2001,0.8,30,17,21,81.0,11,12,91.7,2,5,40.0,0,0.0,0.0,0,2,0,0,2
143,Martin Dúbravka,sk SVK,GK,Newcastle Utd,34-107,1989,0.7,19,9,9,100.0,4,4,100.0,5,8,62.5,0,0.0,0.0,0,1,0,0,0
144,Shane Duffy,ie IRL,FWDF,Fulham,31-121,1992,0.1,2,2,2,100.0,0,0,,0,1,0.0,0,0.0,0.0,0,0,0,0,0
145,Lewis Dunk,eng ENG,DF,Brighton,31-162,1991,31.0,2466,884,935,94.5,1294,1358,95.3,251,381,65.9,0,1.0,0.8,9,152,8,1,129
146,Jhon Durán,co COL,FWMF,Aston Villa,19-140,2003,1.1,13,6,8,75.0,6,10,60.0,1,2,50.0,0,0.0,0.0,0,0,1,0,3
147,Malcolm Ebiowei,eng ENG,MFFW,Crystal Palace,19-240,2003,0.4,5,2,4,50.0,2,2,100.0,1,2,50.0,0,0.0,0.0,0,0,0,0,2
148,Ederson,br BRA,GK,Manchester City,29-258,1993,32.0,981,214,216,99.1,512,519,98.7,254,404,62.9,1,0.2,0.2,1,12,0,0,0
149,Odsonne Édouard,fr FRA,FW,Crystal Palace,25-106,1998,17.9,270,192,239,80.3,51,81,63.0,5,10,50.0,2,1.1,0.7,15,9,9,0,32
150,Samuel Edozie,eng ENG,FWMF,Southampton,20-094,2003,6.1,106,72,90,80.0,21,33,63.6,4,9,44.4,0,0.3,0.4,6,5,6,1,12
151,Anthony Elanga,se SWE,FW,Manchester Utd,21-005,2002,4.7,95,65,86,75.6,23,32,71.9,3,3,100.0,1,0.9,1.0,6,3,3,0,8
152,Harvey Elliott,eng ENG,MFFW,Liverpool,20-028,2003,17.3,769,430,480,89.6,274,339,80.8,39,75,52.0,2,3.3,4.2,22,64,38,6,125
153,Mohamed Elneny,eg EGY,MF,Arsenal,30-295,1992,1.3,57,23,23,100.0,27,29,93.1,6,6,100.0,0,0.0,0.0,0,3,2,0,2
154,Mohamed Elyounoussi,no NOR,MFFW,Southampton,28-271,1994,22.4,401,256,327,78.3,103,158,65.2,26,52,50.0,1,2.1,1.6,18,29,18,6,47
155,Emerson,br BRA,DF,Tottenham,24-108,1999,15.5,662,351,392,89.5,248,292,84.9,40,74,54.1,1,0.6,1.0,9,43,16,3,70
156,Christian Eriksen,dk DEN,MF,Manchester Utd,31-077,1992,19.1,994,513,575,89.2,357,425,84.0,92,175,52.6,7,3.8,2.9,31,121,23,4,138
157,Pervis Estupiñán,ec ECU,DF,Brighton,25-101,1998,23.2,1278,750,827,90.7,442,530,83.4,50,86,58.1,4,3.9,2.8,39,80,34,14,129
158,Jonny Evans,nir NIR,DF,Leicester City,35-119,1988,9.0,603,172,186,92.5,361,381,94.8,64,91,70.3,0,0.0,0.1,1,40,1,0,31
159,Eberechi Eze,eng ENG,MFFW,Crystal Palace,24-307,1998,25.3,801,463,529,87.5,247,302,81.8,61,129,47.3,3,3.9,2.7,52,76,30,2,108
160,Łukasz Fabiański,pl POL,GK,West Ham,38-014,1985,29.6,494,96,96,100.0,182,185,98.4,214,499,42.9,0,0.0,0.0,0,11,0,0,0
161,Fabinho,br BRA,MF,Liverpool,29-191,1993,25.2,1363,698,755,92.5,516,558,92.5,105,154,68.2,1,1.8,1.4,14,104,11,0,128
162,Wout Faes,be BEL,DF,Leicester City,25-029,1998,27.0,1438,527,584,90.2,791,865,91.4,108,201,53.7,2,0.6,0.6,9,66,5,0,68
163,Felipe,br BRA,DF,Nott'ham Forest,33-351,1989,12.9,366,138,166,83.1,180,217,82.9,42,96,43.8,1,0.5,0.8,5,14,2,0,18
164,João Félix,pt POR,FWMF,Chelsea,23-173,1999,8.9,231,143,164,87.2,62,85,72.9,19,35,54.3,0,0.5,0.9,7,27,14,1,41
165,Evan Ferguson,ie IRL,FW,Brighton,18-195,2004,6.7,126,88,104,84.6,33,38,86.8,4,6,66.7,2,0.4,0.4,5,2,5,0,8
166,Bruno Fernandes,pt POR,MFFW,Manchester Utd,28-236,1994,31.0,1263,649,764,84.9,411,521,78.9,158,283,55.8,7,13.4,8.6,92,121,69,8,215
167,Enzo Fernández,ar ARG,MF,Chelsea,22-105,2001,11.4,846,345,378,91.3,357,397,89.9,126,154,81.8,2,1.5,1.5,13,112,12,0,112
168,Roberto Firmino,br BRA,FWMF,Liverpool,31-212,1991,12.6,426,263,307,85.7,119,148,80.4,18,26,69.2,4,2.3,1.9,20,45,18,1,76
169,Junior Firpo,es ESP,DF,Leeds United,26-253,1996,12.9,414,212,252,84.1,180,226,79.6,17,46,37.0,1,0.8,0.7,8,35,7,3,48
170,Phil Foden,eng ENG,FW,Manchester City,22-339,2000,15.8,685,392,434,90.3,221,262,84.4,43,89,48.3,6,3.3,3.5,34,28,26,8,63
171,Datro Fofana,ci CIV,FW,Chelsea,20-131,2002,0.7,4,2,3,66.7,2,2,100.0,0,0,,0,0.1,0.1,2,0,1,0,1
172,Wesley Fofana,fr FRA,DF,Leicester City,22-136,2000,2.0,117,44,44,100.0,64,74,86.5,6,13,46.2,0,0.0,0.0,0,16,0,0,6
173,Wesley Fofana,fr FRA,DF,Chelsea,22-136,2000,9.7,570,268,285,94.0,276,302,91.4,17,37,45.9,0,0.0,0.3,1,43,2,0,36
174,Pablo Fornals,es ESP,FWMF,West Ham,27-069,1996,13.0,433,211,244,86.5,154,206,74.8,50,102,49.0,1,1.5,1.8,14,46,8,4,60
175,Adam Forshaw,eng ENG,MF,Leeds United,31-206,1991,2.3,79,45,48,93.8,16,18,88.9,12,20,60.0,0,0.5,0.3,2,11,1,0,13
176,Fraser Forster,eng ENG,GK,Tottenham,35-046,1988,9.5,188,56,56,100.0,91,91,100.0,40,95,42.1,0,0.0,0.0,0,2,0,0,0
177,Tyrese Francois,au AUS,FW,Fulham,22-290,2000,0.0,2,1,1,100.0,0,0,,0,0,,0,0.0,0.0,0,1,0,0,0
178,Ryan Fraser,sct SCO,FW,Newcastle Utd,29-067,1994,3.5,85,50,59,84.7,28,41,68.3,3,8,37.5,0,0.4,0.3,5,4,4,1,9
179,Fred,br BRA,MF,Manchester Utd,30-058,1993,11.9,531,292,339,86.1,169,202,83.7,43,70,61.4,1,2.0,1.1,22,50,9,2,63
180,Ryan Fredericks,eng ENG,DF,Bournemouth,30-204,1992,5.9,149,85,96,88.5,55,88,62.5,4,15,26.7,0,0.1,0.3,1,5,6,1,15
181,Remo Freuler,ch SUI,MF,Nott'ham Forest,31-017,1992,24.0,664,371,429,86.5,238,285,83.5,30,66,45.5,0,0.8,0.7,12,47,6,3,54
182,Cody Gakpo,nl NED,FW,Liverpool,23-360,1999,12.5,226,134,168,79.8,64,86,74.4,7,15,46.7,2,1.7,1.3,16,23,7,1,33
183,Conor Gallagher,eng ENG,MFFW,Chelsea,23-085,2000,13.4,529,292,332,88.0,188,224,83.9,26,51,51.0,1,2.2,1.5,20,54,15,5,79
184,Idrissa Gana Gueye,sn SEN,MF,Everton,33-218,1989,25.2,937,475,525,90.5,388,436,89.0,53,97,54.6,1,1.1,0.8,11,100,5,0,86
185,Alejandro Garnacho,es ESP,FWMF,Manchester Utd,18-305,2004,5.0,115,87,102,85.3,20,21,95.2,2,2,100.0,2,1.0,0.9,2,1,1,0,5
186,James Garner,eng ENG,MF,Everton,22-050,2001,5.1,157,81,93,87.1,66,79,83.5,5,29,17.2,1,0.2,0.3,4,12,3,2,21
187,David de Gea,es ESP,GK,Manchester Utd,32-176,1990,32.0,735,173,173,100.0,336,341,98.5,221,499,44.3,0,0.1,0.2,1,6,1,0,0
188,Joe Gelhardt,eng ENG,FW,Leeds United,20-363,2002,2.4,43,23,30,76.7,11,17,64.7,2,2,100.0,2,0.5,0.4,2,3,1,0,6
189,Saman Ghoddos,ir IRN,MFDF,Brentford,29-238,1993,1.5,54,29,32,90.6,19,23,82.6,6,17,35.3,0,0.4,0.3,3,3,1,0,6
190,Morgan Gibbs-White,eng ENG,FWMF,Wolves,23-095,2000,2.0,75,47,58,81.0,17,21,81.0,7,9,77.8,0,0.1,0.2,1,10,1,0,12
191,Morgan Gibbs-White,eng ENG,MFFW,Nott'ham Forest,23-095,2000,29.0,600,318,422,75.4,186,264,70.5,70,199,35.2,6,7.3,5.7,59,67,37,5,124
192,Billy Gilmour,sct SCO,MF,Brighton,21-325,2001,2.8,202,101,107,94.4,83,87,95.4,16,20,80.0,0,0.1,0.5,1,16,6,0,23
193,Degnand Gnonto,it ITA,FWMF,Leeds United,19-178,2003,13.4,333,208,245,84.9,92,123,74.8,10,19,52.6,4,2.1,2.1,20,12,16,4,32
194,Ben Godfrey,eng ENG,DF,Everton,25-107,1998,8.9,182,90,111,81.1,73,111,65.8,16,41,39.0,1,0.2,0.1,3,24,1,1,19
195,João Gomes,br BRA,MF,Wolves,22-079,2001,5.3,184,105,123,85.4,64,87,73.6,9,17,52.9,0,0.2,0.1,5,12,0,0,15
196,Toti Gomes,pt POR,DF,Wolves,24-106,1999,8.0,335,150,177,84.7,157,175,89.7,22,45,48.9,0,0.2,0.2,3,20,6,2,21
197,Joe Gomez,eng ENG,DF,Liverpool,25-344,1997,15.3,1086,311,352,88.4,640,697,91.8,118,187,63.1,0,0.2,0.7,1,116,4,0,103
198,Sergio Gómez,es ESP,DFMF,Manchester City,22-240,2000,1.9,133,71,77,92.2,49,54,90.7,7,10,70.0,1,0.4,0.2,2,13,2,0,10
199,Anthony Gordon,eng ENG,FWMF,Newcastle Utd,22-067,2001,4.3,134,90,99,90.9,35,41,85.4,5,10,50.0,0,0.8,0.8,5,11,4,0,14
200,Anthony Gordon,eng ENG,FW,Everton,22-067,2001,12.2,193,110,135,81.5,66,89,74.2,11,27,40.7,0,0.6,0.5,8,8,11,2,19
201,Demarai Gray,eng ENG,FWMF,Everton,26-308,1996,26.2,549,272,307,88.6,187,247,75.7,66,168,39.3,1,3.7,3.7,35,30,17,6,45
202,Jack Grealish,eng ENG,FW,Manchester City,27-234,1995,21.7,852,513,559,91.8,274,315,87.0,40,64,62.5,6,6.2,5.8,46,26,40,2,88
203,Sam Greenwood,eng ENG,MFFW,Leeds United,21-096,2002,3.8,99,52,60,86.7,26,49,53.1,19,48,39.6,2,1.1,1.0,13,13,1,0,13
204,Pascal Groß,de GER,MFDF,Brighton,31-321,1991,30.2,1559,812,894,90.8,576,688,83.7,119,268,44.4,6,9.0,7.3,66,122,58,10,212
205,Vicente Guaita,es ESP,GK,Crystal Palace,36-112,1987,27.0,610,159,161,98.8,258,263,98.1,182,405,44.9,0,0.0,0.0,0,3,0,0,1
206,Gonçalo Guedes,pt POR,FWMF,Wolves,26-154,1996,7.9,138,82,97,84.5,40,56,71.4,13,26,50.0,1,0.5,0.5,9,11,8,2,16
207,Marc Guéhi,eng ENG,DF,Crystal Palace,22-293,2000,33.0,1612,498,545,91.4,927,999,92.8,178,326,54.6,0,0.3,0.6,8,121,2,0,93
208,Bruno Guimarães,br BRA,MF,Newcastle Utd,25-167,1997,25.3,1143,539,608,88.7,435,502,86.7,131,183,71.6,5,3.8,3.3,36,121,39,2,178
209,İlkay Gündoğan,de GER,MF,Manchester City,32-190,1990,23.3,1088,592,658,90.0,383,426,89.9,79,105,75.2,3,3.0,3.6,34,110,33,1,144
210,Darko Gyabi,eng ENG,FW,Leeds United,19-073,2004,0.1,4,1,1,100.0,3,3,100.0,0,0,,0,0.0,0.0,0,0,0,0,2
211,Erling Haaland,no NOR,FW,Manchester City,22-285,2000,26.7,311,191,242,78.9,88,118,74.6,6,8,75.0,7,4.6,2.8,25,14,21,0,53
212,Lewis Hall,eng ENG,DFMF,Chelsea,18-236,2004,3.4,147,79,92,85.9,52,68,76.5,16,26,61.5,0,0.3,0.2,4,10,3,1,9
213,Luke Harris,wls WAL,MFFW,Fulham,18-029,2005,0.1,13,9,9,100.0,4,5,80.0,0,0,,0,0.0,0.0,0,1,0,0,1
214,Jack Harrison,eng ENG,FWMF,Leeds United,26-163,1996,27.0,671,405,502,80.7,175,288,60.8,52,148,35.1,7,4.9,4.7,50,48,43,16,90
215,Kai Havertz,de GER,FWMF,Chelsea,23-325,1999,24.6,608,388,464,83.6,158,179,88.3,18,25,72.0,1,3.4,2.5,35,41,23,2,73
216,Jan Paul van Hecke,nl NED,DF,Brighton,22-328,2000,1.0,96,21,22,95.5,70,72,97.2,5,6,83.3,0,0.0,0.0,0,13,0,0,10
217,Hwang Hee-chan,kr KOR,FWMF,Wolves,27-096,1996,10.3,171,101,122,82.8,55,68,80.9,8,12,66.7,1,1.0,0.5,9,8,7,1,23
218,Dean Henderson,eng ENG,GK,Nott'ham Forest,26-051,1997,18.0,425,80,80,100.0,186,188,98.9,159,400,39.8,0,0.0,0.0,0,11,1,0,0
219,Jordan Henderson,eng ENG,MF,Liverpool,32-319,1990,19.9,1156,578,633,91.3,438,511,85.7,105,171,61.4,2,2.8,3.1,25,135,40,9,162
220,Wayne Hennessey,wls WAL,GK,Nott'ham Forest,36-098,1987,2.0,45,3,3,100.0,22,22,100.0,20,31,64.5,0,0.0,0.0,0,2,0,0,0
221,Rico Henry,eng ENG,DF,Brentford,25-298,1997,32.2,750,406,475,85.5,262,357,73.4,61,145,42.1,2,2.5,2.6,21,64,34,12,94
222,Son Heung-min,kr KOR,MFFW,Tottenham,30-298,1992,28.3,585,355,418,84.9,162,217,74.7,31,82,37.8,5,5.6,3.9,55,29,28,4,71
223,Aaron Hickey,sct SCO,DF,Brentford,20-326,2002,17.6,583,326,360,90.6,215,252,85.3,32,62,51.6,0,0.2,0.5,2,55,10,4,73
224,Joseph Hodge,ie IRL,MF,Wolves,20-230,2002,1.9,69,41,45,91.1,19,22,86.4,5,7,71.4,0,0.1,0.0,1,7,1,0,7
225,Rob Holding,eng ENG,DF,Arsenal,27-224,1995,6.2,379,140,151,92.7,189,204,92.6,46,69,66.7,0,0.0,0.1,0,23,1,0,24
226,Mason Holgate,eng ENG,DF,Everton,26-192,1996,4.9,135,50,61,82.0,64,79,81.0,19,52,36.5,0,0.3,0.2,5,11,2,1,12
227,Will Hughes,eng ENG,MF,Crystal Palace,28-015,1995,6.3,205,123,141,87.2,66,86,76.7,10,22,45.5,1,0.9,0.5,5,19,5,0,22
228,Omari Hutchinson,eng ENG,FW,Chelsea,19-184,2003,0.3,8,6,7,85.7,1,1,100.0,1,2,50.0,0,0.0,0.0,0,0,0,0,0
229,Pierre Højbjerg,dk DEN,MF,Tottenham,27-270,1995,32.8,1926,849,919,92.4,783,858,91.3,232,298,77.9,5,2.8,3.1,29,200,33,5,228
230,Kelechi Iheanacho,ng NGA,FWMF,Leicester City,26-211,1996,11.2,200,135,167,80.8,43,55,78.2,10,21,47.6,4,3.5,1.7,18,18,8,0,24
231,Danny Ings,eng ENG,FW,West Ham,30-283,1992,6.1,54,35,52,67.3,8,13,61.5,3,9,33.3,0,0.2,0.2,2,7,0,0,6
232,Danny Ings,eng ENG,FW,Aston Villa,30-283,1992,9.2,114,76,97,78.4,27,34,79.4,3,12,25.0,0,1.2,0.6,9,7,4,0,12
233,Alexander Isak,se SWE,FW,Newcastle Utd,23-223,1999,12.0,175,94,126,74.6,53,66,80.3,16,18,88.9,1,2.0,1.1,14,22,10,0,30
234,Daniel Iversen,dk DEN,GK,Leicester City,25-287,1997,8.0,149,49,49,100.0,68,69,98.6,31,138,22.5,0,0.0,0.0,0,4,0,0,0
235,Alex Iwobi,ng NGA,MF,Everton,26-364,1996,33.5,1053,503,595,84.5,389,495,78.6,125,204,61.3,6,4.9,3.9,60,123,54,14,173
236,Daniel James,wls WAL,FW,Leeds United,25-173,1997,2.2,24,18,22,81.8,5,10,50.0,0,3,0.0,0,0.3,0.3,1,1,3,1,3
237,Daniel James,wls WAL,FW,Fulham,25-173,1997,6.6,114,77,94,81.9,25,42,59.5,3,12,25.0,1,0.6,0.3,6,2,6,1,15
238,Reece James,eng ENG,DFMF,Chelsea,23-145,1999,13.8,891,468,499,93.8,337,395,85.3,67,109,61.5,1,3.0,2.9,21,60,24,6,90
239,Vitaly Janelt,de GER,MFDF,Brentford,24-357,1998,20.6,677,343,393,87.3,243,300,81.0,79,123,64.2,1,1.3,1.3,14,60,17,7,73
240,Pontus Jansson,se SWE,DF,Brentford,32-078,1991,8.0,257,81,98,82.7,147,167,88.0,28,45,62.2,0,0.0,0.1,0,11,0,0,14
241,Mathias Jensen,dk DEN,MF,Brentford,27-121,1996,28.7,983,428,512,83.6,352,492,71.5,177,340,52.1,5,4.5,4.4,43,105,35,16,125
242,Gabriel Jesus,br BRA,FW,Arsenal,26-029,1997,18.1,449,239,283,84.5,162,183,88.5,25,39,64.1,5,3.0,1.9,24,28,17,1,48
243,Raúl Jiménez,mx MEX,FW,Wolves,31-362,1991,8.3,122,79,100,79.0,27,40,67.5,8,15,53.3,1,1.7,0.5,8,8,7,1,13
244,Joelinton,br BRA,MFFW,Newcastle Utd,26-261,1996,26.7,942,530,609,87.0,313,360,86.9,52,66,78.8,1,2.2,1.8,23,73,18,3,114
245,Ben Johnson,eng ENG,DF,West Ham,23-098,2000,8.3,339,149,171,87.1,154,187,82.4,30,76,39.5,0,0.2,0.4,3,24,8,4,36
246,Brennan Johnson,wls WAL,FWMF,Nott'ham Forest,21-344,2001,30.5,274,145,207,70.0,97,169,57.4,14,33,42.4,2,3.2,1.7,27,12,18,6,30
247,Sam Johnstone,eng ENG,GK,Crystal Palace,30-038,1993,5.0,125,23,23,100.0,69,69,100.0,33,79,41.8,0,0.0,0.0,0,2,0,0,0
248,Curtis Jones,eng ENG,MF,Liverpool,22-092,2001,7.4,417,232,248,93.5,158,169,93.5,15,20,75.0,1,0.9,1.1,9,33,10,1,49
249,Jorginho,it ITA,MF,Arsenal,31-133,1991,4.9,347,156,175,89.1,147,166,88.6,32,41,78.0,0,0.1,0.4,3,47,9,0,62
250,Jorginho,it ITA,MF,Chelsea,31-133,1991,14.2,749,379,421,90.0,301,348,86.5,51,74,68.9,0,0.4,0.4,7,87,9,0,80
251,Mateo Joseph,eng ENG,FWMF,Leeds United,19-195,2003,0.3,2,1,2,50.0,0,0,,0,0,,0,0.0,0.0,0,0,0,0,0
252,Diogo Jota,pt POR,FW,Liverpool,26-149,1996,10.2,238,151,188,80.3,65,85,76.5,6,14,42.9,4,2.0,1.5,14,24,6,1,25
253,Hamed Junior Traorè,ci CIV,FWMF,Bournemouth,23-075,2000,4.7,109,55,72,76.4,35,56,62.5,13,33,39.4,0,1.1,1.1,14,11,10,3,26
254,James Justin,eng ENG,DF,Leicester City,25-068,1998,13.9,667,371,408,90.9,239,282,84.8,39,81,48.1,0,0.3,0.5,7,48,12,7,47
255,Mathias Jørgensen,dk DEN,DF,Brentford,33-009,1990,10.1,328,147,164,89.6,163,200,81.5,14,39,35.9,0,0.1,0.1,1,27,0,0,29
256,Sasa Kalajdzic,at AUT,FW,Wolves,25-299,1997,0.5,2,1,2,50.0,1,1,100.0,0,0,,0,0.0,0.0,0,0,0,0,0
257,Boubacar Kamara,fr FRA,MF,Aston Villa,23-160,1999,17.4,745,368,411,89.5,280,308,90.9,65,91,71.4,1,0.8,0.7,7,58,6,0,80
258,Harry Kane,eng ENG,FW,Tottenham,29-278,1993,33.8,563,256,326,78.5,199,253,78.7,91,148,61.5,3,6.7,3.6,54,88,45,6,162
259,N'Golo Kanté,fr FRA,MF,Chelsea,32-034,1991,4.1,203,127,140,90.7,63,78,80.8,7,17,41.2,0,1.4,0.7,10,17,8,2,24
260,Michael Keane,eng ENG,DF,Everton,30-111,1993,10.3,276,97,125,77.6,139,168,82.7,37,87,42.5,1,0.3,0.2,2,30,0,0,27
261,Neeskens Kebano,cd COD,FW,Fulham,31-053,1992,8.0,145,87,98,88.8,41,54,75.9,4,10,40.0,3,1.4,0.8,11,2,9,3,22
262,Thilo Kehrer,de GER,DF,West Ham,26-223,1996,21.3,808,347,398,87.2,395,443,89.2,56,101,55.4,2,0.6,0.7,7,54,3,0,53
263,Naby Keïta,gn GUI,MF,Liverpool,28-081,1995,3.3,129,75,87,86.2,43,54,79.6,6,8,75.0,0,0.7,0.2,8,15,2,0,15
264,Lloyd Kelly,eng ENG,DF,Bournemouth,24-208,1998,18.7,745,266,295,90.2,380,423,89.8,85,181,47.0,2,0.2,0.7,5,65,7,2,37
265,Max Kilman,eng ENG,DF,Wolves,25-344,1997,34.0,1633,539,585,92.1,903,976,92.5,171,351,48.7,0,0.1,0.6,2,126,7,2,118
266,Jakub Kiwior,pl POL,DF,Arsenal,23-076,2000,0.2,6,3,3,100.0,3,4,75.0,0,0,,0,0.0,0.0,0,0,0,0,0
267,Mateusz Klich,pl POL,MFFW,Leeds United,32-323,1990,3.1,108,61,69,88.4,28,34,82.4,5,17,29.4,0,0.2,0.2,5,6,5,0,16
268,Robin Koch,de GER,DF,Leeds United,26-289,1996,32.3,1161,372,441,84.4,646,745,86.7,129,267,48.3,0,0.1,0.3,2,109,5,0,97
269,Ibrahima Konaté,fr FRA,DF,Liverpool,23-342,1999,13.2,810,325,359,90.5,426,462,92.2,47,85,55.3,0,0.1,0.6,1,42,2,0,49
270,Ezri Konsa,eng ENG,DF,Aston Villa,25-191,1997,32.9,1520,548,596,91.9,851,906,93.9,108,182,59.3,0,1.3,0.7,8,58,4,2,48
271,Kalidou Koulibaly,sn SEN,DF,Chelsea,31-316,1991,19.9,1270,561,595,94.3,593,650,91.2,96,175,54.9,1,0.4,0.4,7,83,9,1,81
272,Cheikhou Kouyaté,sn SEN,MF,Nott'ham Forest,33-132,1989,9.1,169,83,111,74.8,55,66,83.3,17,23,73.9,0,0.7,0.3,6,11,2,0,18
273,Mateo Kovačić,hr CRO,MF,Chelsea,28-361,1994,17.2,1048,513,569,90.2,439,484,90.7,69,111,62.2,1,1.9,1.8,21,148,21,1,146
274,Emil Krafth,se SWE,DF,Newcastle Utd,28-273,1994,0.0,0,0,0,,0,0,,0,0,,0,0.0,0.0,0,0,0,0,0
275,Dejan Kulusevski,se SWE,MFFW,Tottenham,23-007,2000,21.0,532,321,374,85.8,165,205,80.5,24,47,51.1,6,4.1,4.5,41,14,32,11,59
276,Layvin Kurzawa,fr FRA,DF,Fulham,30-240,1992,1.5,28,12,13,92.3,14,19,73.7,0,3,0.0,0,0.0,0.0,0,1,1,1,2
277,Adam Lallana,eng ENG,MFFW,Brighton,34-357,1988,8.0,262,173,194,89.2,57,74,77.0,6,9,66.7,1,1.0,1.2,14,23,9,1,33
278,Tariq Lamptey,gh GHA,DF,Brighton,22-214,2000,5.0,239,130,149,87.2,96,116,82.8,5,21,23.8,0,0.2,0.7,4,14,8,5,26
279,Manuel Lanzini,ar ARG,MFFW,West Ham,30-076,1993,1.7,83,42,50,84.0,32,35,91.4,5,9,55.6,0,0.0,0.1,0,7,2,0,14
280,Aymeric Laporte,es ESP,DF,Manchester City,28-340,1994,7.2,549,288,301,95.7,218,234,93.2,35,45,77.8,0,0.2,0.3,4,57,6,0,59
281,Juan Larios,es ESP,DF,Southampton,19-110,2004,1.7,63,40,46,87.0,21,27,77.8,2,4,50.0,0,0.0,0.0,0,5,0,0,4
282,Jamaal Lascelles,eng ENG,DF,Newcastle Utd,29-172,1993,2.4,79,29,34,85.3,40,44,90.9,7,11,63.6,0,0.0,0.0,0,4,0,0,3
283,Roméo Lavia,be BEL,MF,Southampton,19-116,2004,21.1,724,327,362,90.3,325,355,91.5,59,80,73.8,0,0.6,0.6,15,85,9,0,88
284,Dexter Lembikisa,jm JAM,DF,Wolves,19-179,2003,0.3,10,5,5,100.0,5,5,100.0,0,0,,0,0.0,0.0,0,2,0,0,3
285,Mario Lemina,ga GAB,MF,Wolves,29-243,1993,11.4,443,195,216,90.3,199,217,91.7,42,56,75.0,1,0.3,0.4,3,28,5,1,37
286,Clément Lenglet,fr FRA,DF,Tottenham,27-319,1995,18.5,1019,391,404,96.8,511,565,90.4,101,169,59.8,2,0.6,0.8,6,63,10,5,69
287,Bernd Leno,de GER,GK,Fulham,31-059,1992,31.0,914,192,192,100.0,526,528,99.6,194,441,44.0,0,0.0,0.0,1,11,0,0,0
288,Jefferson Lerma,co COL,MF,Bournemouth,28-189,1994,32.1,1153,591,675,87.6,460,530,86.8,65,131,49.6,0,1.8,2.4,16,114,23,2,132
289,Jamal Lewis,nir NIR,DF,Newcastle Utd,25-097,1998,0.1,10,2,2,100.0,7,8,87.5,0,0,,0,0.0,0.0,0,0,0,0,1
290,Rico Lewis,eng ENG,DFMF,Manchester City,18-162,2004,6.0,389,239,250,95.6,130,138,94.2,11,15,73.3,0,0.8,1.0,7,22,8,3,31
291,Keane Lewis-Potter,eng ENG,FWMF,Brentford,22-069,2001,3.6,49,33,50,66.0,12,17,70.6,1,10,10.0,1,1.2,0.3,5,2,3,1,6
292,Victor Lindelöf,se SWE,DF,Manchester Utd,28-289,1994,9.2,557,193,204,94.6,319,330,96.7,35,51,68.6,0,0.0,0.1,0,24,1,0,23
293,Jesse Lingard,eng ENG,FWMF,Nott'ham Forest,30-138,1992,10.3,236,121,137,88.3,88,104,84.6,14,28,50.0,0,0.7,0.5,11,27,7,1,33
294,Diego Llorente,es ESP,DF,Leeds United,29-259,1993,7.2,356,118,130,90.8,203,228,89.0,33,59,55.9,0,0.0,0.0,0,17,0,0,27
295,Hugo Lloris,fr FRA,GK,Tottenham,36-127,1986,24.5,561,174,177,98.3,241,242,99.6,146,305,47.9,0,0.0,0.0,0,13,0,0,0
296,Renan Lodi,br BRA,DF,Nott'ham Forest,25-024,1998,21.2,545,256,304,84.2,228,316,72.2,50,138,36.2,0,0.7,0.8,9,24,13,7,29
297,Ruben Loftus-Cheek,eng ENG,MFDF,Chelsea,27-099,1996,14.6,663,398,448,88.8,224,251,89.2,28,36,77.8,0,1.3,1.6,12,64,13,1,73
298,Sean Longstaff,eng ENG,MF,Newcastle Utd,25-184,1997,27.0,899,449,515,87.2,344,397,86.6,76,124,61.3,4,3.3,2.5,22,77,20,5,112
299,Jamal Lowe,jm JAM,MFFW,Bournemouth,28-285,1994,0.1,2,1,1,100.0,0,0,,0,1,0.0,0,0.0,0.0,0,0,1,0,1
300,Douglas Luiz,br BRA,MF,Aston Villa,24-358,1998,28.6,1325,553,616,89.8,579,667,86.8,137,236,58.1,5,3.4,2.5,39,103,17,3,129
301,Saša Lukić,rs SRB,MF,Fulham,26-262,1996,2.8,143,62,69,89.9,70,75,93.3,10,12,83.3,0,0.0,0.1,0,16,0,0,9
302,Lyanco,br BRA,DF,Southampton,26-090,1997,9.5,287,110,127,86.6,135,184,73.4,31,87,35.6,0,0.1,0.1,1,25,2,1,26
303,Alexis Mac Allister,ar ARG,MF,Brighton,24-129,1998,26.2,1292,678,746,90.9,495,542,91.3,85,118,72.0,1,3.2,3.6,33,125,26,1,139
304,James Maddison,eng ENG,MFFW,Leicester City,26-160,1996,24.1,749,368,425,86.6,274,359,76.3,81,161,50.3,8,8.9,5.3,62,106,26,3,138
305,Noni Madueke,eng ENG,FWDF,Chelsea,21-053,2002,2.5,83,52,60,86.7,22,30,73.3,5,6,83.3,0,0.3,0.2,7,6,3,0,11
306,Harry Maguire,eng ENG,DF,Manchester Utd,30-058,1993,7.4,439,134,148,90.5,243,269,90.3,55,87,63.2,0,0.0,0.1,1,29,0,0,24
307,Riyad Mahrez,dz ALG,FWMF,Manchester City,32-070,1991,15.5,725,385,429,89.7,264,308,85.7,64,105,61.0,6,5.5,4.1,38,32,29,6,62
308,Kobbie Mainoo,eng ENG,MF,Manchester Utd,18-013,2005,0.1,7,5,6,83.3,2,2,100.0,0,0,,0,0.0,0.1,0,1,1,0,1
309,Ainsley Maitland-Niles,eng ENG,DFMF,Southampton,25-246,1997,13.7,487,246,287,85.7,185,224,82.6,44,72,61.1,0,0.6,0.7,8,49,10,4,50
310,Tyrell Malacia,nl NED,DF,Manchester Utd,23-258,1999,13.0,564,355,384,92.4,153,176,86.9,31,55,56.4,0,0.4,0.5,6,32,3,0,33
311,Orel Mangala,be BEL,MF,Nott'ham Forest,25-045,1998,13.4,345,187,213,87.8,129,155,83.2,19,37,51.4,0,0.1,0.1,2,30,2,0,33
312,Javier Manquillo,es ESP,DF,Newcastle Utd,28-362,1994,0.4,23,13,14,92.9,8,10,80.0,2,2,100.0,0,0.0,0.0,0,1,0,0,4
313,Sekou Mara,fr FRA,FWMF,Southampton,20-276,2002,5.8,66,42,55,76.4,14,17,82.4,4,7,57.1,2,0.8,0.3,6,6,2,0,7
314,Solly March,eng ENG,FWDF,Brighton,28-286,1994,29.5,919,428,507,84.4,356,466,76.4,108,200,54.0,7,8.0,6.1,61,62,47,14,130
315,Emiliano Marcondes,dk DEN,MF,Bournemouth,28-054,1995,0.1,1,0,0,,0,0,,1,1,100.0,0,0.0,0.0,0,1,0,0,1
316,Marquinhos,br BRA,MF,Arsenal,20-025,2003,0.0,2,1,2,50.0,1,1,100.0,0,0,,0,0.0,0.0,0,0,0,0,0
317,Anthony Martial,fr FRA,FW,Manchester Utd,27-148,1995,7.2,170,121,134,90.3,37,43,86.0,5,9,55.6,2,1.2,1.1,8,10,8,0,21
318,Martinelli,br BRA,FW,Arsenal,21-318,2001,29.5,812,438,516,84.9,283,343,82.5,61,121,50.4,5,8.7,6.9,57,33,43,10,93
319,Emiliano Martínez,ar ARG,GK,Aston Villa,30-242,1992,30.9,918,188,189,99.5,469,473,99.2,259,554,46.8,0,0.3,0.2,2,17,0,0,0
320,Lisandro Martínez,ar ARG,DF,Manchester Utd,25-104,1998,23.5,1330,532,568,93.7,683,728,93.8,96,193,49.7,0,0.3,1.0,6,92,5,0,83
321,Pape Matar Sarr,sn SEN,MF,Tottenham,20-230,2002,2.2,129,64,67,95.5,56,59,94.9,3,7,42.9,0,0.0,0.0,1,8,0,0,11
322,Jean-Philippe Mateta,fr FRA,FW,Crystal Palace,25-308,1997,8.2,98,66,88,75.0,19,27,70.4,3,4,75.0,0,0.6,0.1,5,4,0,0,6
323,Joël Matip,cm CMR,DF,Liverpool,31-267,1991,11.1,705,276,315,87.6,363,394,92.1,57,84,67.9,0,0.3,0.4,3,47,7,0,55
324,Neal Maupay,fr FRA,FW,Everton,26-261,1996,11.8,179,116,141,82.3,48,61,78.7,6,8,75.0,0,0.6,0.2,7,7,2,0,9
325,Kevin Mbabu,ch SUI,DFFW,Fulham,28-013,1995,1.6,68,40,43,93.0,24,35,68.6,4,9,44.4,1,0.4,0.4,2,4,5,3,8
326,Bryan Mbeumo,cm CMR,FW,Brentford,23-268,1999,28.3,572,326,395,82.5,163,256,63.7,62,126,49.2,6,6.1,4.7,45,30,42,13,79
327,James McArthur,sct SCO,MF,Crystal Palace,35-207,1987,0.2,17,9,11,81.8,7,8,87.5,1,2,50.0,0,0.0,0.0,0,0,0,0,0
328,Alex McCarthy,eng ENG,GK,Southampton,33-150,1989,2.0,58,13,13,100.0,26,26,100.0,18,50,36.0,0,0.0,0.0,0,2,0,0,0
329,John McGinn,sct SCO,MFFW,Aston Villa,28-196,1994,25.9,700,326,377,86.5,264,320,82.5,91,148,61.5,3,2.6,3.1,18,96,18,5,111
330,Scott McKenna,sct SCO,DF,Nott'ham Forest,26-171,1996,17.5,569,163,195,83.6,334,394,84.8,66,122,54.1,0,1.0,0.4,8,35,3,1,35
331,Weston McKennie,us USA,MF,Leeds United,24-247,1998,12.4,397,206,256,80.5,131,162,80.9,38,57,66.7,0,0.5,0.4,10,41,14,2,69
332,Dwight McNeil,eng ENG,FWMF,Everton,23-161,1999,23.8,544,283,330,85.8,170,234,72.6,66,163,40.5,2,4.4,4.1,38,37,23,12,60
333,Scott McTominay,sct SCO,MF,Manchester Utd,26-145,1996,12.5,340,186,215,86.5,116,135,85.9,25,34,73.5,0,0.5,1.0,7,30,5,1,30
334,Ben Mee,eng ENG,DF,Brentford,33-223,1989,32.3,1195,454,537,84.5,580,705,82.3,150,290,51.7,0,0.3,0.7,5,76,7,1,77
335,Edouard Mendy,sn SEN,GK,Chelsea,31-062,1992,8.5,213,69,69,100.0,87,88,98.9,53,107,49.5,0,0.0,0.0,0,4,0,0,0
336,Nampalys Mendy,sn SEN,MF,Leicester City,30-313,1992,8.2,357,186,201,92.5,142,155,91.6,19,26,73.1,0,0.0,0.1,2,20,3,0,28
337,Chris Mepham,wls WAL,DF,Bournemouth,25-178,1997,23.4,828,291,326,89.3,459,503,91.3,71,133,53.4,0,0.2,0.6,4,41,2,0,40
338,Illan Meslier,fr FRA,GK,Leeds United,23-061,2000,34.0,664,144,148,97.3,354,359,98.6,162,523,31.0,0,0.0,0.0,0,13,1,0,0
339,Alexander Mighten,eng ENG,FW,Nott'ham Forest,21-021,2002,0.1,1,1,1,100.0,0,0,,0,0,,0,0.0,0.0,0,0,0,0,0
340,Luka Milivojević,rs SRB,MF,Crystal Palace,32-025,1991,5.7,207,89,101,88.1,89,107,83.2,20,37,54.1,0,0.2,0.2,2,17,2,1,20
341,James Milner,eng ENG,MFDF,Liverpool,37-118,1986,8.6,472,215,238,90.3,200,236,84.7,46,102,45.1,1,0.8,1.6,11,50,13,4,59
342,Yerry Mina,co COL,DF,Everton,28-221,1994,2.6,156,57,62,91.9,90,99,90.9,7,11,63.6,0,0.0,0.0,0,10,0,0,7
343,Tyrone Mings,eng ENG,DF,Aston Villa,30-050,1993,31.0,1472,472,523,90.2,839,901,93.1,145,271,53.5,2,1.4,0.9,5,96,6,0,98
344,Tyrick Mitchell,eng ENG,DF,Crystal Palace,23-243,1999,28.1,980,505,602,83.9,411,545,75.4,50,156,32.1,2,1.1,1.1,13,76,18,7,88
345,Kaoru Mitoma,jp JPN,FW,Brighton,25-347,1997,19.5,634,410,461,88.9,178,223,79.8,24,39,61.5,4,5.0,4.3,30,39,24,0,74
346,Aleksandar Mitrović,rs SRB,FW,Fulham,28-228,1994,20.1,270,154,231,66.7,78,122,63.9,30,48,62.5,1,2.1,1.1,15,25,8,1,41
347,Kieffer Moore,wls WAL,FW,Bournemouth,30-267,1992,13.2,200,111,179,62.0,59,90,65.6,11,19,57.9,0,0.3,0.5,4,16,6,0,22
348,Andrew Moran,ie IRL,FW,Brighton,19-199,2003,0.1,1,1,1,100.0,0,1,0.0,0,0,,0,0.0,0.0,0,0,0,0,0
349,Álex Moreno,es ESP,DF,Aston Villa,29-328,1993,12.7,509,282,332,84.9,191,236,80.9,18,33,54.5,3,2.4,2.1,20,14,20,10,26
350,Mason Mount,eng ENG,MFFW,Chelsea,24-112,1999,18.3,585,350,409,85.6,165,216,76.4,44,84,52.4,2,3.0,2.8,30,55,27,5,98
351,Lucas Moura,br BRA,MFDF,Tottenham,30-262,1992,1.4,48,30,41,73.2,17,22,77.3,0,1,0.0,0,0.3,0.3,3,3,5,1,10
352,João Moutinho,pt POR,MF,Wolves,36-236,1986,19.8,850,323,362,89.2,412,480,85.8,91,147,61.9,2,2.6,1.9,36,105,23,4,132
353,Divin Mubama,eng ENG,FW,West Ham,18-189,2004,0.0,1,1,1,100.0,0,0,,0,0,,0,0.0,0.0,0,0,0,0,0
354,Mykhailo Mudryk,ua UKR,FWMF,Chelsea,22-117,2001,5.4,119,78,99,78.8,26,35,74.3,4,13,30.8,2,0.4,0.5,5,8,6,0,14
355,Jacob Murphy,eng ENG,FW,Newcastle Utd,28-067,1995,12.8,275,162,201,80.6,84,123,68.3,18,39,46.2,2,2.6,2.6,18,20,26,4,57
356,Enock Mwepu,zm ZAM,FWMF,Brighton,25-121,1998,2.4,61,42,50,84.0,15,17,88.2,3,5,60.0,1,0.5,0.2,3,5,2,0,6
357,Vitaliy Mykolenko,ua UKR,DF,Everton,23-338,1999,28.5,961,507,583,87.0,362,470,77.0,63,144,43.8,0,1.2,0.9,19,84,21,11,99
358,Keylor Navas,cr CRC,GK,Nott'ham Forest,36-138,1986,14.0,277,24,24,100.0,125,126,99.2,128,302,42.4,0,0.0,0.0,0,6,0,0,1
359,Wilfred Ndidi,ng NGA,MFDF,Leicester City,26-137,1996,16.7,719,371,400,92.8,294,335,87.8,29,64,45.3,0,0.1,0.2,3,47,0,0,48
360,Reiss Nelson,eng ENG,FW,Arsenal,23-143,1999,1.4,75,45,49,91.8,22,26,84.6,3,5,60.0,2,0.6,0.4,7,1,4,2,4
361,Neto,br BRA,GK,Bournemouth,33-287,1989,23.5,436,89,91,97.8,147,153,96.1,193,468,41.2,0,0.0,0.0,0,14,2,0,0
362,Pedro Neto,pt POR,FWMF,Wolves,23-054,2000,9.3,256,152,171,88.9,73,106,68.9,24,46,52.2,0,1.6,1.4,17,13,8,4,21
363,Rúben Neves,pt POR,MF,Wolves,26-050,1997,30.1,1599,526,580,90.7,765,849,90.1,292,430,67.9,0,1.3,1.3,27,190,13,1,201
364,Moussa Niakhate,sn SEN,DF,Nott'ham Forest,27-055,1996,8.9,182,60,65,92.3,94,127,74.0,27,57,47.4,0,0.1,0.1,1,12,0,0,9
365,Rasmus Nissen,dk DEN,DF,Leeds United,25-295,1997,17.8,629,312,380,82.1,262,356,73.6,41,108,38.0,1,1.0,0.9,8,50,16,2,69
366,Eddie Nketiah,eng ENG,FW,Arsenal,23-337,1999,11.5,193,123,142,86.6,56,66,84.8,7,10,70.0,1,1.2,1.3,8,7,6,0,15
367,Matheus Nunes,pt POR,MF,Wolves,24-248,1998,24.7,739,349,411,84.9,264,306,86.3,105,154,68.2,1,2.2,1.1,26,67,15,4,76
368,Darwin Núñez,uy URU,FW,Liverpool,23-312,1999,17.2,238,119,169,70.4,73,109,67.0,21,29,72.4,3,5.3,2.8,25,11,11,1,28
369,Ethan Nwaneri,eng ENG,FW,Arsenal,16-042,2007,0.0,0,0,0,,0,0,,0,0,,0,0.0,0.0,0,0,0,0,0
370,Christian Nørgaard,dk DEN,MF,Brentford,29-053,1994,19.6,608,304,369,82.4,252,326,77.3,40,74,54.1,3,3.1,1.8,12,68,8,2,73
371,Lewis O'Brien,eng ENG,MF,Nott'ham Forest,24-200,1998,6.5,166,72,85,84.7,84,103,81.6,7,16,43.8,0,0.2,0.2,4,19,3,0,21
372,Odeluga Offiah,eng ENG,DF,Brighton,20-188,2002,0.0,4,2,4,50.0,2,2,100.0,0,0,,0,0.0,0.0,0,0,1,0,1
373,Angelo Ogbonna,it ITA,DF,West Ham,34-344,1988,9.7,210,56,70,80.0,127,148,85.8,21,39,53.8,0,0.2,0.1,2,2,1,0,5
374,Michael Olise,fr FRA,FWMF,Crystal Palace,21-141,2001,26.6,850,456,525,86.9,284,384,74.0,90,230,39.1,9,7.1,5.2,58,64,41,11,117
375,Robin Olsen,se SWE,GK,Aston Villa,33-114,1990,3.1,74,17,18,94.4,30,30,100.0,27,80,33.8,0,0.0,0.0,0,2,0,0,0
376,Amadou Onana,be BEL,MF,Everton,21-259,2001,25.3,741,392,443,88.5,278,322,86.3,48,72,66.7,1,2.2,1.5,18,68,10,0,62
377,Josh Onomah,eng ENG,MF,Fulham,26-005,1997,0.2,4,3,3,100.0,1,1,100.0,0,0,,0,0.0,0.0,0,0,0,0,0
378,Paul Onuachu,ng NGA,FW,Southampton,28-339,1994,3.7,50,32,41,78.0,9,15,60.0,5,6,83.3,0,0.1,0.1,4,4,1,0,5
379,Frank Onyeka,ng NGA,MF,Brentford,25-121,1998,7.0,143,75,94,79.8,56,71,78.9,7,15,46.7,2,0.6,0.7,6,17,3,0,21
380,Mislav Oršić,hr CRO,MF,Southampton,30-124,1992,0.1,2,2,2,100.0,0,0,,0,1,0.0,0,0.0,0.0,0,0,0,0,0
381,Dango Ouattara,bf BFA,MFFW,Bournemouth,21-080,2002,10.7,156,87,120,72.5,51,81,63.0,10,27,37.0,3,1.9,0.9,14,17,10,6,17
382,Alex Oxlade-Chamberlain,eng ENG,FWMF,Liverpool,29-260,1993,3.7,75,39,45,86.7,24,34,70.6,8,14,57.1,0,0.9,0.2,5,8,2,0,14
383,David Ozoh,,FW,Crystal Palace,17-336,2005,0.0,3,3,3,100.0,0,0,,0,0,,0,0.0,0.0,0,0,0,0,0
384,João Palhinha,pt POR,MF,Fulham,27-297,1995,29.7,878,435,500,87.0,331,386,85.8,93,134,69.4,0,0.3,0.4,6,104,3,0,92
385,Cole Palmer,eng ENG,FWMF,Manchester City,20-361,2002,1.7,76,39,41,95.1,31,34,91.2,4,8,50.0,0,0.2,0.3,3,3,5,1,8
386,Emerson Palmieri,it ITA,DF,West Ham,28-272,1994,11.4,427,267,290,92.1,123,158,77.8,24,52,46.2,0,0.8,0.7,11,26,8,3,36
387,Lucas Paquetá,br BRA,MF,West Ham,25-248,1997,20.1,732,387,457,84.7,257,320,80.3,56,85,65.9,2,1.5,1.7,24,81,25,3,118
388,Thomas Partey,gh GHA,MF,Arsenal,29-323,1993,25.1,1544,700,765,91.5,646,727,88.9,166,225,73.8,0,1.3,2.2,24,213,20,2,205
389,Nathan Patterson,sct SCO,DFMF,Everton,21-198,2001,11.9,430,250,276,90.6,152,201,75.6,19,56,33.9,0,0.4,0.6,6,19,7,2,22
390,Ben Pearson,eng ENG,MF,Bournemouth,28-118,1995,3.2,108,50,58,86.2,45,55,81.8,8,15,53.3,0,0.0,0.0,0,8,0,0,5
391,Facundo Pellistri,uy URU,FWMF,Manchester Utd,21-133,2001,0.6,12,6,7,85.7,5,5,100.0,0,0,,0,0.0,0.0,0,0,0,0,0
392,Andreas Pereira,br BRA,MF,Fulham,27-121,1996,29.9,701,336,419,80.2,229,315,72.7,116,251,46.2,6,5.2,4.1,60,86,22,9,121
393,Ricardo Pereira,pt POR,DFMF,Leicester City,29-208,1993,4.3,228,114,130,87.7,100,117,85.5,10,20,50.0,1,0.5,0.6,6,24,9,3,25
394,Ayoze Pérez,es ESP,MFFW,Leicester City,29-277,1993,4.2,118,75,89,84.3,28,43,65.1,9,18,50.0,1,1.5,0.6,11,13,6,0,20
395,Ivan Perišić,hr CRO,DFMF,Tottenham,34-089,1989,23.3,702,353,438,80.6,244,381,64.0,90,205,43.9,8,6.1,5.2,47,29,35,23,59
396,Romain Perraud,fr FRA,DF,Southampton,25-222,1997,20.4,623,377,443,85.1,200,270,74.1,26,91,28.6,2,1.9,1.9,15,47,15,8,62
397,Máximo Perrone,ar ARG,MF,Manchester City,20-115,2003,0.2,18,11,12,91.7,5,5,100.0,0,0,,0,0.0,0.0,0,0,0,0,2
398,Kalvin Phillips,eng ENG,MF,Manchester City,27-151,1995,1.2,122,46,52,88.5,61,62,98.4,13,17,76.5,0,0.0,0.0,1,15,0,0,7
399,Nathaniel Phillips,eng ENG,DF,Liverpool,26-042,1997,0.7,71,32,34,94.1,27,29,93.1,9,14,64.3,0,0.0,0.0,0,7,0,0,9
400,Jordan Pickford,eng ENG,GK,Everton,29-056,1994,33.0,675,142,143,99.3,223,227,98.2,303,793,38.2,1,0.1,0.4,2,49,1,0,1
401,Ethan Pinnock,jm JAM,DF,Brentford,29-338,1993,26.0,779,289,342,84.5,403,474,85.0,72,141,51.1,0,1.0,1.1,8,37,2,2,44
402,Daniel Podence,pt POR,FWMF,Wolves,27-193,1995,18.6,427,218,286,76.2,135,202,66.8,48,86,55.8,0,2.4,2.0,34,32,37,7,89
403,Nick Pope,eng ENG,GK,Newcastle Utd,31-013,1992,32.2,554,106,106,100.0,249,256,97.3,194,442,43.9,0,0.1,0.0,2,11,0,0,1
404,Pedro Porro,es ESP,DF,Tottenham,23-231,1999,9.5,343,180,200,90.0,127,171,74.3,26,63,41.3,1,1.6,1.3,16,17,17,11,27
405,Dennis Praet,be BEL,MFFW,Leicester City,28-353,1994,6.7,190,112,131,85.5,59,74,79.7,12,25,48.0,0,0.5,0.4,3,10,5,1,16
406,Isaac Price,nir NIR,MF,Everton,19-218,2003,0.4,12,6,7,85.7,5,6,83.3,1,1,100.0,0,0.1,0.0,1,1,0,0,1
407,Christian Pulisic,us USA,FWDF,Chelsea,24-226,1998,8.7,228,149,171,87.1,62,79,78.5,9,17,52.9,1,0.7,0.4,12,12,3,1,22
408,Aaron Ramsdale,eng ENG,GK,Arsenal,24-353,1998,33.0,654,159,165,96.4,327,334,97.9,167,444,37.6,0,0.0,0.0,0,24,2,0,8
409,Jacob Ramsey,eng ENG,MFFW,Aston Villa,21-339,2001,25.3,660,402,455,88.4,197,237,83.1,34,44,77.3,5,3.5,2.0,36,63,22,1,92
410,Marcus Rashford,eng ENG,FW,Manchester Utd,25-183,1997,28.5,533,350,414,84.5,121,157,77.1,36,56,64.3,5,2.9,2.5,25,33,40,2,69
411,David Raya,es ESP,GK,Brentford,27-229,1995,34.0,940,121,125,96.8,409,417,98.1,409,901,45.4,0,0.1,0.2,2,70,3,0,13
412,Tim Ream,us USA,DF,Fulham,35-209,1987,32.2,1662,420,472,89.0,961,1035,92.9,267,379,70.4,0,0.1,0.3,3,148,0,0,142
413,Nathan Redmond,eng ENG,DF,Southampton,29-057,1994,0.0,0,0,0,,0,1,0.0,0,0,,0,0.0,0.0,0,0,0,0,0
414,Harrison Reed,eng ENG,MF,Fulham,28-095,1995,28.5,865,453,532,85.2,308,363,84.8,68,120,56.7,2,2.7,1.6,30,71,26,10,91
415,Bobby Reid,jm JAM,FWDF,Fulham,30-089,1993,26.8,627,336,408,82.4,222,313,70.9,34,80,42.5,1,1.7,1.5,18,36,37,10,60
416,Declan Rice,eng ENG,MF,West Ham,24-108,1999,33.0,1641,765,853,89.7,635,684,92.8,207,298,69.5,1,3.2,1.8,36,207,11,3,209
417,Chris Richards,us USA,DF,Crystal Palace,23-035,2000,5.0,169,66,79,83.5,84,96,87.5,19,27,70.4,0,0.3,0.0,1,15,0,0,14
418,Richarlison,br BRA,MFFW,Tottenham,25-357,1997,9.3,175,95,124,76.6,55,75,73.3,11,15,73.3,3,2.1,1.4,14,15,10,3,26
419,Jaïro Riedewald,nl NED,DFFW,Crystal Palace,26-235,1996,0.5,26,17,18,94.4,9,13,69.2,0,2,0.0,0,0.0,0.0,0,1,0,0,0
420,Matt Ritchie,sct SCO,FWMF,Newcastle Utd,33-234,1989,0.4,24,16,16,100.0,4,6,66.7,3,4,75.0,0,0.1,0.0,1,0,0,0,1
421,Andrew Robertson,sct SCO,DF,Liverpool,29-052,1994,25.7,1627,775,857,90.4,710,849,83.6,119,244,48.8,8,6.0,6.3,50,96,32,14,141
422,Antonee Robinson,us USA,DF,Fulham,25-267,1997,29.3,1184,529,615,86.0,517,674,76.7,115,256,44.9,1,1.1,1.6,19,86,35,22,106
423,Marc Roca,es ESP,MF,Leeds United,26-157,1996,25.0,966,492,569,86.5,353,443,79.7,91,192,47.4,2,2.7,2.3,31,153,16,2,167
424,Marek Rodák,sk SVK,GK,Fulham,26-140,1996,2.0,29,3,3,100.0,8,9,88.9,17,48,35.4,0,0.0,0.0,0,0,0,0,0
425,Rodri,es ESP,MF,Manchester City,26-314,1996,29.2,2473,1004,1081,92.9,1147,1228,93.4,283,331,85.5,6,4.0,3.3,31,251,29,3,245
426,Rodrigo,es ESP,FWMF,Leeds United,32-057,1991,18.2,349,198,249,79.5,96,140,68.6,29,50,58.0,1,1.5,0.9,14,22,14,2,42
427,Mads Roerslev,dk DEN,DF,Brentford,23-312,1999,12.2,186,107,137,78.1,60,82,73.2,13,42,31.0,0,1.0,0.7,7,14,6,4,19
428,Cristian Romero,ar ARG,DF,Tottenham,25-005,1998,24.3,1267,508,560,90.7,622,666,93.4,111,160,69.4,1,0.8,0.8,7,82,8,0,92
429,Oriol Romeu,es ESP,MF,Southampton,31-220,1991,0.8,28,10,11,90.9,15,16,93.8,2,2,100.0,0,0.0,0.2,0,0,2,0,4
430,Cristiano Ronaldo,pt POR,FW,Manchester Utd,38-086,1985,5.8,121,85,97,87.6,27,39,69.2,1,5,20.0,0,0.4,0.2,6,7,1,0,12
431,Connor Ronan,ie IRL,MF,Wolves,25-057,1998,0.0,3,2,2,100.0,1,2,50.0,0,0,,0,0.0,0.0,0,3,0,0,0
432,Salomón Rondón,ve VEN,FW,Everton,33-228,1989,1.2,22,15,21,71.4,3,3,100.0,0,0,,0,0.2,0.1,2,2,1,0,1
433,Joe Rothwell,eng ENG,MF,Bournemouth,28-111,1995,9.8,338,161,177,91.0,132,142,93.0,32,61,52.5,1,1.0,1.5,8,32,10,1,29
434,Georginio Rutter,fr FRA,FWMF,Leeds United,21-012,2002,2.7,25,15,25,60.0,7,14,50.0,2,2,100.0,0,0.2,0.2,3,1,1,0,5
435,José Sá,pt POR,GK,Wolves,30-105,1993,34.0,807,193,196,98.5,432,445,97.1,180,501,35.9,0,0.0,0.0,0,10,0,0,0
436,Marcel Sabitzer,at AUT,MF,Manchester Utd,29-046,1994,6.6,222,119,146,81.5,76,93,81.7,15,22,68.2,1,0.9,0.8,9,29,6,1,35
437,Allan Saint-Maximin,fr FRA,FW,Newcastle Utd,26-051,1997,11.1,273,144,183,78.7,95,139,68.3,25,35,71.4,5,3.8,2.5,25,20,31,4,58
438,Bukayo Saka,eng ENG,FW,Arsenal,21-239,2001,30.9,934,573,665,86.2,261,339,77.0,63,139,45.3,11,7.9,5.5,69,47,57,12,93
439,Mohamed Salah,eg EGY,FW,Liverpool,30-321,1992,31.7,747,448,537,83.4,225,283,79.5,31,50,62.0,7,5.7,5.7,53,47,65,5,126
440,William Saliba,fr FRA,DF,Arsenal,22-039,2001,26.8,1698,715,767,93.2,844,905,93.3,108,144,75.0,1,1.2,0.3,6,111,3,0,99
441,Mohammed Salisu,gh GHA,DF,Southampton,24-015,1999,21.9,879,360,412,87.4,426,538,79.2,86,209,41.1,1,0.6,0.5,7,80,7,4,82
442,Albert Sambi Lokonga,be BEL,MF,Arsenal,23-192,1999,2.2,132,59,62,95.2,60,63,95.2,11,12,91.7,0,0.0,0.1,1,17,1,0,12
443,Albert Sambi Lokonga,be BEL,MF,Crystal Palace,23-192,1999,6.0,228,112,124,90.3,96,101,95.0,17,28,60.7,0,0.0,0.1,1,23,0,0,20
444,Davinson Sánchez,co COL,DF,Tottenham,26-324,1996,7.5,404,154,163,94.5,225,242,93.0,20,42,47.6,0,0.1,0.2,1,33,1,1,30
445,Robert Sánchez,es ESP,GK,Brighton,25-165,1997,23.0,604,203,204,99.5,283,292,96.9,111,270,41.1,0,0.0,0.0,0,11,0,0,0
446,Jadon Sancho,eng ENG,FWMF,Manchester Utd,23-038,2000,14.7,504,354,394,89.8,102,121,84.3,12,22,54.5,2,2.5,2.4,30,17,31,1,59
447,Morgan Sanson,fr FRA,MF,Aston Villa,28-257,1994,0.1,5,3,4,75.0,1,2,50.0,0,0,,0,0.0,0.0,0,0,0,0,1
448,Pablo Sarabia,es ESP,FWMF,Wolves,30-356,1992,7.7,234,142,162,87.7,60,83,72.3,22,59,37.3,0,0.8,0.8,11,24,13,4,36
449,Jeremy Sarmiento,ec ECU,MF,Brighton,20-320,2002,2.0,53,32,38,84.2,16,19,84.2,1,2,50.0,1,0.2,0.3,2,4,5,1,11
450,Gianluca Scamacca,it ITA,FW,West Ham,24-121,1999,10.3,118,63,85,74.1,31,52,59.6,17,21,81.0,0,0.7,0.5,13,14,5,1,17
451,Gustavo Scarpa,br BRA,MFFW,Nott'ham Forest,29-117,1994,2.0,51,16,19,84.2,26,31,83.9,8,18,44.4,0,0.0,0.0,1,10,0,0,12
452,Kevin Schade,de GER,FW,Brentford,21-156,2001,5.9,69,37,57,64.9,21,36,58.3,0,3,0.0,1,0.7,0.3,6,4,3,0,11
453,Fabian Schär,ch SUI,DF,Newcastle Utd,31-133,1991,30.6,1199,405,475,85.3,608,708,85.9,178,343,51.9,3,3.2,1.9,17,119,18,2,123
454,Jeffrey Schlupp,gh GHA,MFFW,Crystal Palace,30-130,1992,27.3,647,329,409,80.4,249,307,81.1,50,100,50.0,1,1.4,0.9,18,57,11,0,98
455,Nélson Semedo,pt POR,DF,Wolves,29-167,1993,25.2,1055,606,668,90.7,379,463,81.9,52,110,47.3,1,0.7,0.9,11,89,15,5,96
456,Antoine Semenyo,gh GHA,FWMF,Bournemouth,23-115,2000,2.8,35,21,30,70.0,11,12,91.7,2,4,50.0,0,0.0,0.0,1,5,0,0,5
457,Marcos Senesi,ar ARG,DF,Bournemouth,25-357,1997,24.7,893,290,325,89.2,472,536,88.1,117,212,55.2,0,0.5,0.3,5,68,2,1,47
458,Ryan Sessegnon,eng ENG,DF,Tottenham,22-349,2000,9.0,280,178,213,83.6,81,120,67.5,16,29,55.2,0,1.1,1.1,6,16,11,3,22
459,Luke Shaw,eng ENG,DF,Manchester Utd,27-294,1995,23.9,1462,810,887,91.3,524,609,86.0,95,176,54.0,2,3.1,2.4,30,148,27,13,117
460,Jonjo Shelvey,eng ENG,MF,Newcastle Utd,31-064,1992,0.4,19,5,6,83.3,8,10,80.0,4,8,50.0,0,0.0,0.0,0,4,0,0,3
461,Jonjo Shelvey,eng ENG,MF,Nott'ham Forest,31-064,1992,6.0,221,73,86,84.9,98,112,87.5,47,98,48.0,0,0.3,0.8,6,37,8,2,34
462,Bernardo Silva,pt POR,MFFW,Manchester City,28-265,1994,22.4,1177,640,691,92.6,409,470,87.0,88,138,63.8,5,2.9,3.6,28,66,31,9,112
463,Thiago Silva,br BRA,DF,Chelsea,38-222,1984,21.1,1529,558,590,94.6,807,842,95.8,153,231,66.2,2,0.4,0.8,4,97,11,0,89
464,Ellis Simms,eng ENG,FW,Everton,22-117,2001,2.5,37,19,30,63.3,9,17,52.9,3,3,100.0,0,0.1,0.4,2,3,1,0,4
465,Luis Sinisterra,co COL,FW,Leeds United,23-319,1999,9.6,273,161,188,85.6,72,84,85.7,14,19,73.7,0,0.4,0.9,9,18,17,2,39
466,Oliver Skipp,eng ENG,MF,Tottenham,22-228,2000,12.9,509,250,275,90.9,208,230,90.4,32,47,68.1,0,0.6,0.3,9,39,7,1,46
467,Adam Smith,eng ENG,DF,Bournemouth,32-003,1991,29.7,866,404,462,87.4,368,463,79.5,81,177,45.8,1,0.9,1.3,12,64,24,15,78
468,Emile Smith Rowe,eng ENG,MFFW,Arsenal,22-278,2000,1.6,63,36,39,92.3,23,27,85.2,3,4,75.0,1,0.6,0.5,5,3,3,0,5
469,Cédric Soares,pt POR,DF,Arsenal,31-244,1991,0.3,19,10,10,100.0,8,10,80.0,0,3,0.0,0,0.0,0.0,0,0,0,0,3
470,Cédric Soares,pt POR,DF,Fulham,31-244,1991,1.2,97,56,62,90.3,33,42,78.6,7,17,41.2,0,0.1,0.1,1,9,3,2,9
471,Dominic Solanke,eng ENG,FWMF,Bournemouth,25-230,1997,27.8,308,193,256,75.4,86,115,74.8,12,18,66.7,7,3.8,2.3,20,20,12,1,39
472,Manor Solomon,il ISR,FW,Fulham,23-282,1999,5.6,151,92,104,88.5,48,52,92.3,5,9,55.6,0,0.3,0.5,5,5,7,1,21
473,Tomáš Souček,cz CZE,MF,West Ham,28-064,1995,28.6,626,318,421,75.5,223,297,75.1,60,95,63.2,3,1.9,1.0,15,61,10,5,84
474,Boubakary Soumaré,fr FRA,MF,Leicester City,24-064,1999,14.3,653,355,388,91.5,246,281,87.5,30,46,65.2,0,0.3,0.4,8,61,5,1,64
475,Harry Souttar,au AUS,DF,Leicester City,24-192,1998,10.0,436,142,157,90.4,258,293,88.1,32,70,45.7,1,0.2,0.1,3,36,1,0,28
476,Çağlar Söyüncü,tr TUR,DF,Leicester City,26-344,1996,4.9,204,86,96,89.6,98,117,83.8,19,39,48.7,0,0.1,0.0,1,8,0,0,10
477,Djed Spence,eng ENG,FWDF,Tottenham,22-266,2000,0.1,5,4,5,80.0,1,1,100.0,0,0,,0,0.0,0.0,0,0,0,0,0
478,Jack Stacey,eng ENG,DF,Bournemouth,27-026,1996,3.3,74,42,53,79.2,27,50,54.0,3,12,25.0,0,0.0,0.0,0,6,1,1,2
479,Junior Stanislas,eng ENG,MF,Bournemouth,33-157,1989,0.7,22,12,14,85.7,9,11,81.8,0,1,0.0,0,0.1,0.2,2,3,0,0,4
480,Jay Stansfield,eng ENG,FW,Fulham,20-159,2002,1.0,9,7,8,87.5,1,7,14.3,0,3,0.0,0,0.1,0.0,1,0,0,0,0
481,Jason Steele,eng ENG,GK,Brighton,32-257,1990,8.0,231,103,103,100.0,85,86,98.8,40,67,59.7,1,0.1,0.2,1,1,0,0,0
482,Jack Stephens,eng ENG,DF,Southampton,29-095,1994,0.5,23,9,10,90.0,13,17,76.5,1,1,100.0,0,0.0,0.0,0,3,0,0,3
483,Jack Stephens,eng ENG,DF,Bournemouth,29-095,1994,13.0,446,156,173,90.2,233,263,88.6,53,94,56.4,0,0.2,0.2,3,37,3,2,34
484,Raheem Sterling,eng ENG,FWMF,Chelsea,28-145,1994,17.2,421,261,312,83.7,116,156,74.4,14,24,58.3,2,4.1,2.9,29,21,29,8,50
485,John Stones,eng ENG,DFMF,Manchester City,28-339,1994,18.2,1292,618,646,95.7,564,598,94.3,91,113,80.5,2,1.3,0.9,6,103,3,0,97
486,Pascal Struijk,nl NED,DF,Leeds United,23-264,1999,22.7,1005,549,623,88.1,379,457,82.9,49,98,50.0,1,2.3,1.1,13,87,12,3,114
487,Kamaldeen Sulemana,gh GHA,FWMF,Southampton,21-076,2002,8.9,162,82,102,80.4,54,66,81.8,15,30,50.0,1,1.2,1.0,13,10,9,1,33
488,Crysencio Summerville,nl NED,FW,Leeds United,21-184,2001,15.2,304,206,253,81.4,71,89,79.8,9,24,37.5,2,1.6,1.1,16,19,12,2,45
489,Sam Surridge,eng ENG,FW,Nott'ham Forest,24-278,1998,3.5,36,22,42,52.4,12,22,54.5,1,3,33.3,0,0.1,0.0,1,4,0,0,6
490,Japhet Tanganga,eng ENG,DF,Tottenham,24-032,1999,1.6,82,42,46,91.3,34,38,89.5,5,7,71.4,0,0.0,0.0,0,4,1,1,5
491,Matt Targett,eng ENG,DF,Newcastle Utd,27-226,1995,5.8,288,146,165,88.5,122,137,89.1,17,53,32.1,0,0.4,0.6,9,19,5,0,40
492,James Tarkowski,eng ENG,DF,Everton,30-164,1992,34.0,1229,414,470,88.1,644,738,87.3,159,282,56.4,1,2.2,1.8,14,88,2,0,99
493,Marcus Tavernier,eng ENG,MFFW,Bournemouth,24-041,1999,19.4,510,285,339,84.1,165,225,73.3,40,100,40.0,4,2.9,1.3,19,34,16,5,56
494,Tetê,br BRA,FW,Leicester City,23-076,2000,7.3,162,85,109,78.0,52,71,73.2,16,25,64.0,0,0.4,0.3,6,15,4,1,23
495,Kenny Tete,nl NED,DF,Fulham,27-205,1995,24.5,944,498,582,85.6,357,495,72.1,68,138,49.3,4,1.7,1.6,21,63,23,17,87
496,Luke Thomas,eng ENG,DF,Leicester City,21-326,2001,9.5,433,239,271,88.2,166,205,81.0,25,45,55.6,0,0.7,0.4,5,31,5,2,40
497,Youri Tielemans,be BEL,MF,Leicester City,25-360,1997,22.4,1150,559,635,88.0,450,524,85.9,105,182,57.7,1,4.1,3.1,25,149,27,7,167
498,Kieran Tierney,sct SCO,DF,Arsenal,25-331,1997,6.9,313,129,147,87.8,150,186,80.6,29,58,50.0,1,0.3,0.4,4,32,6,1,30
499,Harry Toffolo,eng ENG,DF,Nott'ham Forest,27-256,1995,9.8,226,128,156,82.1,85,138,61.6,10,46,21.7,0,0.8,0.9,5,12,7,4,26
500,Takehiro Tomiyasu,jp JPN,DF,Arsenal,24-178,1998,7.4,384,173,200,86.5,171,199,85.9,30,56,53.6,1,0.6,0.2,4,41,6,2,51
501,James Tomkins,eng ENG,DF,Crystal Palace,34-034,1989,3.8,138,47,55,85.5,79,87,90.8,12,27,44.4,0,0.0,0.0,0,2,0,0,2
502,Ivan Toney,eng ENG,FW,Brentford,27-047,1996,31.8,451,289,413,70.0,98,174,56.3,23,52,44.2,4,5.0,3.5,26,53,25,5,76
503,Adama Traoré,es ESP,FWMF,Wolves,27-097,1996,14.4,289,179,239,74.9,73,113,64.6,23,39,59.0,1,3.5,2.9,21,15,19,13,32
504,Bertrand Traoré,bf BFA,FW,Aston Villa,27-238,1995,2.1,46,26,30,86.7,17,20,85.0,2,2,100.0,0,0.1,0.1,1,1,3,2,7
505,Boubacar Traoré,ml MLI,MF,Wolves,21-255,2001,4.3,97,44,53,83.0,47,54,87.0,5,10,50.0,1,0.2,0.1,1,16,1,0,8
506,Mark Travers,ie IRL,GK,Bournemouth,23-349,1999,10.5,244,83,83,100.0,82,83,98.8,78,157,49.7,0,0.0,0.0,0,4,0,0,0
507,Kieran Trippier,eng ENG,DF,Newcastle Utd,32-225,1990,32.1,1702,742,843,88.0,643,848,75.8,284,575,49.4,6,10.7,10.5,97,147,87,26,219
508,Leandro Trossard,be BEL,FW,Arsenal,28-149,1994,7.1,260,124,141,87.9,100,120,83.3,27,44,61.4,8,3.7,2.5,15,16,21,4,43
509,Leandro Trossard,be BEL,FWMF,Brighton,28-149,1994,14.6,379,199,236,84.3,124,178,69.7,40,63,63.5,2,2.1,2.1,23,42,25,7,67
510,Kostas Tsimikas,gr GRE,DF,Liverpool,26-355,1996,6.9,374,181,212,85.4,134,164,81.7,50,90,55.6,4,1.5,1.1,17,15,6,3,22
511,Deniz Undav,de GER,FWMF,Brighton,26-287,1996,3.9,70,49,58,84.5,15,19,78.9,1,4,25.0,0,0.8,0.9,6,2,2,0,4
512,Yan Valery,tn TUN,DF,Southampton,24-069,1999,0.5,15,9,10,90.0,4,6,66.7,1,5,20.0,0,0.0,0.0,0,1,0,0,0
513,Virgil van Dijk,nl NED,DF,Liverpool,31-298,1991,27.5,2082,710,762,93.2,1126,1189,94.7,227,317,71.6,0,0.3,0.6,5,140,6,0,115
514,Raphaël Varane,fr FRA,DF,Manchester Utd,30-007,1993,18.3,817,266,299,89.0,483,524,92.2,57,106,53.8,0,0.2,0.3,4,67,3,0,53
515,Jamie Vardy,eng ENG,FW,Leicester City,36-111,1987,18.0,122,62,105,59.0,41,78,52.6,6,14,42.9,4,1.4,0.6,14,7,5,1,13
516,Joël Veltman,nl NED,DF,Brighton,31-107,1992,22.8,1202,509,567,89.8,590,672,87.8,82,140,58.6,1,0.6,1.0,9,153,11,4,145
517,Fabio Vieira,pt POR,MF,Arsenal,22-337,2000,5.3,217,121,132,91.7,75,89,84.3,9,23,39.1,2,2.5,1.4,11,23,7,2,30
518,Matías Viña,uy URU,DF,Bournemouth,25-174,1997,2.8,76,47,50,94.0,27,36,75.0,2,10,20.0,0,0.2,0.1,2,6,1,0,8
519,Rúben Vinagre,pt POR,DFMF,Everton,24-023,1999,0.3,15,7,10,70.0,7,10,70.0,0,0,,0,0.0,0.0,0,2,0,0,0
520,Carlos Vinícius,br BRA,FW,Fulham,28-038,1995,9.6,90,51,77,66.2,24,36,66.7,3,8,37.5,1,0.6,0.7,5,9,5,1,10
521,Theo Walcott,eng ENG,FWMF,Southampton,34-047,1989,9.4,128,86,107,80.4,31,52,59.6,2,8,25.0,1,1.1,1.1,10,5,3,2,7
522,Kyle Walker,eng ENG,DF,Manchester City,32-339,1990,16.3,1262,564,609,92.6,570,633,90.0,114,168,67.9,0,0.2,0.5,5,139,6,2,132
523,Kyle Walker-Peters,eng ENG,DF,Southampton,26-019,1997,25.4,872,516,573,90.1,286,383,74.7,43,103,41.7,0,1.1,2.2,13,61,26,8,87
524,Aaron Wan-Bissaka,eng ENG,DF,Manchester Utd,25-157,1997,11.0,504,321,347,92.5,136,168,81.0,20,33,60.6,0,0.9,0.8,10,37,8,2,42
525,Danny Ward,wls WAL,GK,Leicester City,29-314,1993,26.0,708,197,199,99.0,352,355,99.2,158,383,41.3,0,0.0,0.0,0,7,0,0,0
526,Joel Ward,eng ENG,DF,Crystal Palace,33-185,1989,21.1,755,383,445,86.1,300,375,80.0,50,135,37.0,0,0.2,0.4,6,62,7,4,80
527,James Ward-Prowse,eng ENG,MF,Southampton,28-182,1994,33.5,1548,750,833,90.0,615,730,84.2,141,315,44.8,2,5.4,4.5,66,169,29,15,177
528,Ollie Watkins,eng ENG,FW,Aston Villa,27-123,1995,30.8,359,238,315,75.6,77,113,68.1,12,15,80.0,6,3.4,2.4,27,23,15,2,35
529,Adam Webster,eng ENG,DF,Brighton,28-118,1995,19.8,1333,488,529,92.2,724,796,91.0,111,160,69.4,0,0.1,0.4,4,108,4,1,102
530,Wout Weghorst,nl NED,FWMF,Manchester Utd,30-268,1992,7.4,115,75,99,75.8,20,26,76.9,5,11,45.5,1,0.9,0.9,11,7,1,0,14
531,Danny Welbeck,eng ENG,FW,Brighton,32-157,1990,17.2,293,189,215,87.9,75,88,85.2,4,10,40.0,3,3.2,1.5,22,23,11,0,40
532,Ben White,eng ENG,DF,Arsenal,25-206,1997,28.9,1625,764,841,90.8,733,841,87.2,97,186,52.2,5,3.0,3.3,23,193,38,11,219
533,Harvey White,eng ENG,MF,Tottenham,21-225,2001,0.1,3,2,3,66.7,0,2,0.0,1,3,33.3,0,0.0,0.0,0,0,1,1,0
534,Joseph Whitworth,eng ENG,GK,Crystal Palace,19-062,2004,2.0,61,12,12,100.0,36,37,97.3,13,34,38.2,0,0.0,0.0,0,0,0,0,0
535,Neco Williams,wls WAL,DF,Nott'ham Forest,22-019,2001,20.9,533,254,307,82.7,196,286,68.5,68,177,38.4,0,1.4,1.2,15,29,14,9,33
536,Willian,br BRA,FW,Fulham,34-266,1988,19.0,560,283,332,85.2,195,237,82.3,64,104,61.5,3,3.1,1.8,36,35,22,1,90
537,Joe Willock,eng ENG,MF,Newcastle Utd,23-255,1999,26.0,727,413,464,89.0,243,283,85.9,52,79,65.8,6,5.4,4.1,32,81,30,7,110
538,Callum Wilson,eng ENG,FW,Newcastle Utd,31-064,1992,17.2,141,96,124,77.4,30,39,76.9,4,10,40.0,4,2.2,1.8,18,8,6,0,17
539,Harry Wilson,wls WAL,FW,Fulham,26-041,1997,8.1,203,107,121,88.4,71,87,81.6,14,32,43.8,1,0.3,0.3,5,13,4,0,23
540,Yoane Wissa,cd COD,FW,Brentford,26-241,1996,15.0,202,137,163,84.0,44,67,65.7,10,25,40.0,2,2.3,0.9,10,20,8,0,25
541,Maximilian Wöber,at AUT,DF,Leeds United,25-087,1998,10.4,395,143,183,78.1,211,265,79.6,38,91,41.8,0,0.5,0.3,5,49,2,1,45
542,Chris Wood,nz NZL,FW,Newcastle Utd,31-146,1991,5.0,66,40,67,59.7,16,25,64.0,4,5,80.0,0,0.3,0.3,3,3,1,0,4
543,Chris Wood,nz NZL,FW,Nott'ham Forest,31-146,1991,4.1,43,26,43,60.5,14,22,63.6,1,2,50.0,0,0.2,0.1,3,5,2,0,7
544,Joe Worrall,eng ENG,DF,Nott'ham Forest,26-112,1997,21.4,814,240,292,82.2,439,512,85.7,128,221,57.9,0,0.8,0.6,5,67,6,0,58
545,Granit Xhaka,ch SUI,MF,Arsenal,30-217,1992,29.1,1258,617,694,88.9,499,576,86.6,104,128,81.3,5,4.5,3.7,42,135,38,3,184
546,Ryan Yates,eng ENG,MF,Nott'ham Forest,25-162,1997,16.7,393,170,206,82.5,180,206,87.4,31,55,56.4,2,1.2,0.4,7,22,2,0,37
547,Ashley Young,eng ENG,DF,Aston Villa,37-297,1985,20.5,814,376,423,88.9,356,443,80.4,73,168,43.5,0,0.9,0.7,13,76,17,5,100
548,Illia Zabarnyi,ua UKR,DF,Bournemouth,20-243,2002,0.3,4,0,0,,2,2,100.0,2,3,66.7,0,0.0,0.0,0,2,0,0,1
549,Wilfried Zaha,ci CIV,FWMF,Crystal Palace,30-173,1992,23.9,451,288,330,87.3,131,163,80.4,18,36,50.0,2,2.6,2.8,24,16,38,3,67
550,Denis Zakaria,ch SUI,MF,Chelsea,26-163,1996,4.6,158,90,98,91.8,54,56,96.4,5,6,83.3,0,0.0,0.1,1,8,0,0,6
551,Jordan Zemura,zw ZIM,DF,Bournemouth,23-169,1999,16.2,423,242,284,85.2,133,187,71.1,23,55,41.8,1,1.9,2.1,18,32,12,5,45
552,Oleksandr Zinchenko,ua UKR,DF,Arsenal,26-138,1996,22.1,1553,770,834,92.3,644,739,87.1,102,143,71.3,2,1.4,2.3,19,189,39,4,215
553,Hakim Ziyech,ma MAR,FWMF,Chelsea,30-044,1993,6.7,221,128,147,87.1,67,107,62.6,22,61,36.1,1,1.5,1.3,11,19,15,7,36
554,Kurt Zouma,fr FRA,DF,West Ham,28-187,1994,21.6,689,239,263,90.9,359,401,89.5,79,129,61.2,0,0.1,0.1,1,19,2,0,30
555,Martin Ødegaard,no NOR,MF,Arsenal,24-136,1998,30.2,1261,652,746,87.4,454,543,83.6,101,158,63.9,7,7.1,7.0,66,117,83,4,234
